-- phpMyAdmin SQL Dump
-- version 4.9.0.1
-- https://www.phpmyadmin.net/
--
-- Хост: 127.0.0.1:3306
-- Время создания: Ноя 09 2019 г., 15:33
-- Версия сервера: 10.3.13-MariaDB-log
-- Версия PHP: 7.1.32

SET SQL_MODE = "NO_AUTO_VALUE_ON_ZERO";
SET AUTOCOMMIT = 0;
START TRANSACTION;
SET time_zone = "+00:00";


/*!40101 SET @OLD_CHARACTER_SET_CLIENT=@@CHARACTER_SET_CLIENT */;
/*!40101 SET @OLD_CHARACTER_SET_RESULTS=@@CHARACTER_SET_RESULTS */;
/*!40101 SET @OLD_COLLATION_CONNECTION=@@COLLATION_CONNECTION */;
/*!40101 SET NAMES utf8mb4 */;

--
-- База данных: `party_v`
--

-- --------------------------------------------------------

--
-- Структура таблицы `blockcomments`
--

CREATE TABLE `blockcomments` (
  `id` int(10) UNSIGNED NOT NULL,
  `person_name` varchar(255) COLLATE utf8mb4_unicode_ci NOT NULL,
  `created_at` timestamp NULL DEFAULT NULL,
  `updated_at` timestamp NULL DEFAULT NULL,
  `deleted_at` timestamp NULL DEFAULT NULL,
  `position` varchar(255) COLLATE utf8mb4_unicode_ci DEFAULT NULL,
  `photo` text COLLATE utf8mb4_unicode_ci DEFAULT NULL,
  `comment` text COLLATE utf8mb4_unicode_ci NOT NULL
) ENGINE=InnoDB DEFAULT CHARSET=utf8mb4 COLLATE=utf8mb4_unicode_ci;

--
-- Дамп данных таблицы `blockcomments`
--

INSERT INTO `blockcomments` (`id`, `person_name`, `created_at`, `updated_at`, `deleted_at`, `position`, `photo`, `comment`) VALUES
(1, 'Василь Петрович Сидоренко', '2019-10-21 16:39:42', '2019-10-21 16:39:42', NULL, 'Голова партії', 'blockcomments\\October2019\\KRPxS1qSqPEBjOcotuMG.jpg', 'Бла бла бла\r\n<p>Якщо ти готовий будувати країну, змінювати стару систему, очищувати владу, сприяти проведенню комплексної економічної реформи держави з метою позбавлення від корупційних та бюрократичних схем, допомагати у реформі державної сфери, навести лад в системі, сприяти підвищенню добробуту народу — ми чекаємо на тебе!</p>'),
(2, 'Генадій Макарович Стриж', '2019-10-21 16:53:04', '2019-10-21 16:53:04', NULL, 'Зам. Голова партії', 'blockcomments\\October2019\\5FttxHsFYhPHnx22rFGQ.jpg', 'Я теж так вважаю бла бла бла \r\n<p>Якщо ти готовий будувати країну, змінювати стару систему, очищувати владу, сприяти проведенню комплексної економічної реформи держави з метою позбавлення від корупційних та бюрократичних схем, допомагати у реформі державної сфери, навести лад в системі, сприяти підвищенню добробуту народу — ми чекаємо на тебе!</p>');

-- --------------------------------------------------------

--
-- Структура таблицы `blockstats`
--

CREATE TABLE `blockstats` (
  `id` int(10) UNSIGNED NOT NULL,
  `name` varchar(255) COLLATE utf8mb4_unicode_ci DEFAULT NULL,
  `stat_integer` int(11) DEFAULT NULL,
  `created_at` timestamp NULL DEFAULT NULL,
  `updated_at` timestamp NULL DEFAULT NULL,
  `deleted_at` timestamp NULL DEFAULT NULL
) ENGINE=InnoDB DEFAULT CHARSET=utf8mb4 COLLATE=utf8mb4_unicode_ci;

--
-- Дамп данных таблицы `blockstats`
--

INSERT INTO `blockstats` (`id`, `name`, `stat_integer`, `created_at`, `updated_at`, `deleted_at`) VALUES
(1, 'депутатів', 50, '2019-10-22 09:29:00', '2019-10-22 09:31:35', NULL),
(2, 'Законів бла бла бла', 100, '2019-10-22 09:29:54', '2019-10-22 09:29:54', NULL),
(3, 'Округів', 29, '2019-10-22 09:30:32', '2019-10-22 09:30:32', NULL),
(4, 'Петровичів', 4, '2019-10-22 09:31:23', '2019-10-22 09:31:23', NULL),
(5, 'Василів', 10, '2019-10-22 09:32:07', '2019-10-22 09:32:07', NULL);

-- --------------------------------------------------------

--
-- Структура таблицы `categories`
--

CREATE TABLE `categories` (
  `id` int(10) UNSIGNED NOT NULL,
  `parent_id` int(10) UNSIGNED DEFAULT NULL,
  `order` int(11) NOT NULL DEFAULT 1,
  `name` varchar(255) COLLATE utf8mb4_unicode_ci NOT NULL,
  `slug` varchar(255) COLLATE utf8mb4_unicode_ci NOT NULL,
  `created_at` timestamp NULL DEFAULT NULL,
  `updated_at` timestamp NULL DEFAULT NULL
) ENGINE=InnoDB DEFAULT CHARSET=utf8mb4 COLLATE=utf8mb4_unicode_ci;

-- --------------------------------------------------------

--
-- Структура таблицы `data_rows`
--

CREATE TABLE `data_rows` (
  `id` int(10) UNSIGNED NOT NULL,
  `data_type_id` int(10) UNSIGNED NOT NULL,
  `field` varchar(255) COLLATE utf8mb4_unicode_ci NOT NULL,
  `type` varchar(255) COLLATE utf8mb4_unicode_ci NOT NULL,
  `display_name` varchar(255) COLLATE utf8mb4_unicode_ci NOT NULL,
  `required` tinyint(1) NOT NULL DEFAULT 0,
  `browse` tinyint(1) NOT NULL DEFAULT 1,
  `read` tinyint(1) NOT NULL DEFAULT 1,
  `edit` tinyint(1) NOT NULL DEFAULT 1,
  `add` tinyint(1) NOT NULL DEFAULT 1,
  `delete` tinyint(1) NOT NULL DEFAULT 1,
  `details` text COLLATE utf8mb4_unicode_ci DEFAULT NULL,
  `order` int(11) NOT NULL DEFAULT 1
) ENGINE=InnoDB DEFAULT CHARSET=utf8mb4 COLLATE=utf8mb4_unicode_ci;

--
-- Дамп данных таблицы `data_rows`
--

INSERT INTO `data_rows` (`id`, `data_type_id`, `field`, `type`, `display_name`, `required`, `browse`, `read`, `edit`, `add`, `delete`, `details`, `order`) VALUES
(1, 1, 'id', 'number', 'ID', 1, 0, 0, 0, 0, 0, NULL, 1),
(2, 1, 'name', 'text', 'Name', 1, 1, 1, 1, 1, 1, NULL, 2),
(3, 1, 'email', 'text', 'Email', 1, 1, 1, 1, 1, 1, NULL, 3),
(4, 1, 'password', 'password', 'Password', 1, 0, 0, 1, 1, 0, NULL, 4),
(5, 1, 'remember_token', 'text', 'Remember Token', 0, 0, 0, 0, 0, 0, NULL, 5),
(6, 1, 'created_at', 'timestamp', 'Created At', 0, 1, 1, 0, 0, 0, NULL, 6),
(7, 1, 'updated_at', 'timestamp', 'Updated At', 0, 0, 0, 0, 0, 0, NULL, 7),
(8, 1, 'avatar', 'image', 'Avatar', 0, 1, 1, 1, 1, 1, NULL, 8),
(9, 1, 'user_belongsto_role_relationship', 'relationship', 'Role', 0, 1, 1, 1, 1, 0, '{\"model\":\"TCG\\\\Voyager\\\\Models\\\\Role\",\"table\":\"roles\",\"type\":\"belongsTo\",\"column\":\"role_id\",\"key\":\"id\",\"label\":\"display_name\",\"pivot_table\":\"roles\",\"pivot\":0}', 10),
(10, 1, 'user_belongstomany_role_relationship', 'relationship', 'Roles', 0, 1, 1, 1, 1, 0, '{\"model\":\"TCG\\\\Voyager\\\\Models\\\\Role\",\"table\":\"roles\",\"type\":\"belongsToMany\",\"column\":\"id\",\"key\":\"id\",\"label\":\"display_name\",\"pivot_table\":\"user_roles\",\"pivot\":\"1\",\"taggable\":\"0\"}', 11),
(11, 1, 'settings', 'hidden', 'Settings', 0, 0, 0, 0, 0, 0, NULL, 12),
(12, 2, 'id', 'number', 'ID', 1, 0, 0, 0, 0, 0, NULL, 1),
(13, 2, 'name', 'text', 'Name', 1, 1, 1, 1, 1, 1, NULL, 2),
(14, 2, 'created_at', 'timestamp', 'Created At', 0, 0, 0, 0, 0, 0, NULL, 3),
(15, 2, 'updated_at', 'timestamp', 'Updated At', 0, 0, 0, 0, 0, 0, NULL, 4),
(16, 3, 'id', 'number', 'ID', 1, 0, 0, 0, 0, 0, NULL, 1),
(17, 3, 'name', 'text', 'Name', 1, 1, 1, 1, 1, 1, NULL, 2),
(18, 3, 'created_at', 'timestamp', 'Created At', 0, 0, 0, 0, 0, 0, NULL, 3),
(19, 3, 'updated_at', 'timestamp', 'Updated At', 0, 0, 0, 0, 0, 0, NULL, 4),
(20, 3, 'display_name', 'text', 'Display Name', 1, 1, 1, 1, 1, 1, NULL, 5),
(21, 1, 'role_id', 'text', 'Role', 1, 1, 1, 1, 1, 1, NULL, 9),
(22, 4, 'id', 'number', 'ID', 1, 0, 0, 0, 0, 0, NULL, 1),
(23, 4, 'parent_id', 'select_dropdown', 'Parent', 0, 0, 1, 1, 1, 1, '{\"default\":\"\",\"null\":\"\",\"options\":{\"\":\"-- None --\"},\"relationship\":{\"key\":\"id\",\"label\":\"name\"}}', 2),
(24, 4, 'order', 'text', 'Order', 1, 1, 1, 1, 1, 1, '{\"default\":1}', 3),
(25, 4, 'name', 'text', 'Name', 1, 1, 1, 1, 1, 1, NULL, 4),
(26, 4, 'slug', 'text', 'Slug', 1, 1, 1, 1, 1, 1, '{\"slugify\":{\"origin\":\"name\"}}', 5),
(27, 4, 'created_at', 'timestamp', 'Created At', 0, 0, 1, 0, 0, 0, NULL, 6),
(28, 4, 'updated_at', 'timestamp', 'Updated At', 0, 0, 0, 0, 0, 0, NULL, 7),
(29, 5, 'id', 'number', 'ID', 1, 0, 0, 0, 0, 0, NULL, 1),
(30, 5, 'author_id', 'text', 'Author', 1, 0, 1, 1, 0, 1, NULL, 2),
(31, 5, 'category_id', 'text', 'Category', 1, 0, 1, 1, 1, 0, NULL, 3),
(32, 5, 'title', 'text', 'Title', 1, 1, 1, 1, 1, 1, NULL, 4),
(33, 5, 'excerpt', 'text_area', 'Excerpt', 1, 0, 1, 1, 1, 1, NULL, 5),
(34, 5, 'body', 'rich_text_box', 'Body', 1, 0, 1, 1, 1, 1, NULL, 6),
(35, 5, 'image', 'image', 'Post Image', 0, 1, 1, 1, 1, 1, '{\"resize\":{\"width\":\"1000\",\"height\":\"null\"},\"quality\":\"70%\",\"upsize\":true,\"thumbnails\":[{\"name\":\"medium\",\"scale\":\"50%\"},{\"name\":\"small\",\"scale\":\"25%\"},{\"name\":\"cropped\",\"crop\":{\"width\":\"300\",\"height\":\"250\"}}]}', 7),
(36, 5, 'slug', 'text', 'Slug', 1, 0, 1, 1, 1, 1, '{\"slugify\":{\"origin\":\"title\",\"forceUpdate\":true},\"validation\":{\"rule\":\"unique:posts,slug\"}}', 8),
(37, 5, 'meta_description', 'text_area', 'Meta Description', 1, 0, 1, 1, 1, 1, NULL, 9),
(38, 5, 'meta_keywords', 'text_area', 'Meta Keywords', 1, 0, 1, 1, 1, 1, NULL, 10),
(39, 5, 'status', 'select_dropdown', 'Status', 1, 1, 1, 1, 1, 1, '{\"default\":\"DRAFT\",\"options\":{\"PUBLISHED\":\"published\",\"DRAFT\":\"draft\",\"PENDING\":\"pending\"}}', 11),
(40, 5, 'created_at', 'timestamp', 'Created At', 0, 1, 1, 0, 0, 0, NULL, 12),
(41, 5, 'updated_at', 'timestamp', 'Updated At', 0, 0, 0, 0, 0, 0, NULL, 13),
(42, 5, 'seo_title', 'text', 'SEO Title', 0, 1, 1, 1, 1, 1, NULL, 14),
(43, 5, 'featured', 'checkbox', 'Featured', 1, 1, 1, 1, 1, 1, NULL, 15),
(44, 6, 'id', 'number', 'ID', 1, 0, 0, 0, 0, 0, NULL, 1),
(45, 6, 'author_id', 'text', 'Author', 1, 0, 0, 0, 0, 0, NULL, 2),
(46, 6, 'title', 'text', 'Title', 1, 1, 1, 1, 1, 1, NULL, 3),
(47, 6, 'excerpt', 'text_area', 'Excerpt', 1, 0, 1, 1, 1, 1, NULL, 4),
(48, 6, 'body', 'rich_text_box', 'Body', 1, 0, 1, 1, 1, 1, NULL, 5),
(49, 6, 'slug', 'text', 'Slug', 1, 0, 1, 1, 1, 1, '{\"slugify\":{\"origin\":\"title\"},\"validation\":{\"rule\":\"unique:pages,slug\"}}', 6),
(50, 6, 'meta_description', 'text', 'Meta Description', 1, 0, 1, 1, 1, 1, NULL, 7),
(51, 6, 'meta_keywords', 'text', 'Meta Keywords', 1, 0, 1, 1, 1, 1, NULL, 8),
(52, 6, 'status', 'select_dropdown', 'Status', 1, 1, 1, 1, 1, 1, '{\"default\":\"INACTIVE\",\"options\":{\"INACTIVE\":\"INACTIVE\",\"ACTIVE\":\"ACTIVE\"}}', 9),
(53, 6, 'created_at', 'timestamp', 'Created At', 1, 1, 1, 0, 0, 0, NULL, 10),
(54, 6, 'updated_at', 'timestamp', 'Updated At', 1, 0, 0, 0, 0, 0, NULL, 11),
(55, 6, 'image', 'image', 'Page Image', 0, 1, 1, 1, 1, 1, NULL, 12),
(56, 7, 'id', 'text', 'Id', 1, 0, 0, 0, 0, 0, '{}', 1),
(57, 7, 'created_at', 'timestamp', 'Created At', 0, 1, 1, 1, 0, 1, '{}', 2),
(58, 7, 'updated_at', 'timestamp', 'Updated At', 0, 0, 0, 0, 0, 0, '{}', 3),
(59, 7, 'deleted_at', 'timestamp', 'Deleted At', 0, 1, 1, 1, 1, 1, '{}', 4),
(60, 7, 'name', 'text', 'Name', 1, 1, 1, 1, 1, 1, '{}', 5),
(61, 7, 'content', 'text_area', 'Content', 0, 1, 1, 1, 1, 1, '{}', 6),
(62, 9, 'id', 'text', 'Id', 1, 0, 0, 0, 0, 0, '{}', 1),
(63, 9, 'created_at', 'timestamp', 'Created At', 0, 1, 1, 1, 0, 1, '{}', 2),
(64, 9, 'updated_at', 'timestamp', 'Updated At', 0, 0, 0, 0, 0, 0, '{}', 3),
(65, 9, 'deleted_at', 'timestamp', 'Deleted At', 0, 1, 1, 1, 1, 1, '{}', 4),
(66, 9, 'title', 'text', 'Title', 1, 1, 1, 1, 1, 1, '{}', 5),
(67, 9, 'body', 'text_area', 'Body', 1, 1, 1, 1, 1, 1, '{}', 6),
(68, 9, 'faicon', 'text', 'Іконка...  наприклад: fables-iconbussiness', 0, 1, 1, 1, 1, 1, '{}', 7),
(69, 12, 'id', 'text', 'Id', 1, 0, 0, 0, 0, 0, '{}', 1),
(70, 12, 'created_at', 'timestamp', 'Created At', 0, 1, 1, 1, 0, 1, '{}', 2),
(71, 12, 'updated_at', 'timestamp', 'Updated At', 0, 0, 0, 0, 0, 0, '{}', 3),
(72, 12, 'deleted_at', 'timestamp', 'Deleted At', 0, 1, 1, 1, 1, 1, '{}', 4),
(73, 12, 'title', 'text', 'Title', 1, 1, 1, 1, 1, 1, '{}', 5),
(74, 12, 'body', 'text', 'Body', 1, 1, 1, 1, 1, 1, '{}', 6),
(75, 12, 'faicon', 'text', 'Faicon', 0, 1, 1, 1, 1, 1, '{}', 7),
(76, 13, 'id', 'text', 'Id', 1, 0, 0, 0, 0, 0, '{}', 1),
(77, 13, 'person_name', 'text', 'Person Name', 1, 1, 1, 1, 1, 1, '{}', 2),
(78, 13, 'created_at', 'timestamp', 'Created At', 0, 1, 1, 1, 0, 1, '{}', 3),
(79, 13, 'updated_at', 'timestamp', 'Updated At', 0, 0, 0, 0, 0, 0, '{}', 4),
(80, 13, 'deleted_at', 'timestamp', 'Deleted At', 0, 1, 1, 1, 1, 1, '{}', 5),
(81, 13, 'position', 'text', 'Посада', 0, 1, 1, 1, 1, 1, '{}', 6),
(82, 13, 'photo', 'image', 'Photo', 0, 1, 1, 1, 1, 1, '{}', 7),
(83, 13, 'comment', 'text_area', 'Коментарій', 1, 1, 1, 1, 1, 1, '{}', 8),
(84, 14, 'id', 'text', 'Id', 1, 0, 0, 0, 0, 0, '{}', 1),
(85, 14, 'name', 'text', 'Name', 1, 1, 1, 1, 1, 1, '{}', 2),
(87, 14, 'date_of_birthday', 'text', 'Date Of Birthday', 0, 1, 1, 1, 1, 1, '{}', 4),
(88, 14, 'position', 'text', 'Посада', 0, 1, 1, 1, 1, 1, '{}', 5),
(89, 14, 'bio', 'text_area', 'Біографія', 0, 1, 1, 1, 1, 1, '{}', 6),
(90, 14, 'created_at', 'timestamp', 'Created At', 0, 1, 1, 1, 0, 1, '{}', 7),
(91, 14, 'updated_at', 'timestamp', 'Updated At', 0, 0, 0, 0, 0, 0, '{}', 8),
(92, 14, 'deleted_at', 'timestamp', 'Deleted At', 0, 1, 1, 1, 1, 1, '{}', 9),
(93, 14, 'photo', 'image', 'Фотографія', 1, 1, 1, 1, 1, 1, '{}', 10),
(94, 14, 'social', 'text', 'Основна Соц.мережа', 0, 1, 1, 1, 1, 1, '{}', 11),
(95, 15, 'id', 'text', 'Id', 1, 0, 0, 0, 0, 0, '{}', 1),
(96, 15, 'name', 'text', 'Name', 0, 1, 1, 1, 1, 1, '{}', 2),
(97, 15, 'stat_integer', 'number', 'Stat Integer', 0, 1, 1, 1, 1, 1, '{}', 3),
(98, 15, 'created_at', 'timestamp', 'Created At', 0, 1, 1, 1, 0, 1, '{}', 4),
(99, 15, 'updated_at', 'timestamp', 'Updated At', 0, 0, 0, 0, 0, 0, '{}', 5),
(100, 15, 'deleted_at', 'timestamp', 'Deleted At', 0, 1, 1, 1, 1, 1, '{}', 6),
(101, 16, 'id', 'text', 'Id', 1, 0, 0, 0, 0, 0, '{}', 1),
(102, 16, 'first_name', 'text', 'First Name', 1, 1, 1, 1, 1, 1, '{}', 2),
(103, 16, 'last_name', 'text', 'Last Name', 1, 1, 1, 1, 1, 1, '{}', 3),
(104, 16, 'email', 'text', 'Email', 0, 1, 1, 1, 1, 1, '{}', 4),
(105, 16, 'phone', 'text', 'Phone', 0, 1, 1, 1, 1, 1, '{}', 5),
(106, 16, 'message', 'text', 'Message', 0, 1, 1, 1, 1, 1, '{}', 6),
(107, 16, 'position', 'text', 'Position', 0, 1, 1, 1, 1, 1, '{}', 7),
(108, 16, 'created_at', 'timestamp', 'Created At', 0, 1, 1, 1, 0, 1, '{}', 8),
(109, 16, 'updated_at', 'timestamp', 'Updated At', 0, 0, 0, 0, 0, 0, '{}', 9),
(110, 16, 'deleted_at', 'timestamp', 'Deleted At', 0, 1, 1, 1, 1, 1, '{}', 10),
(111, 17, 'id', 'text', 'Id', 1, 0, 0, 0, 0, 0, '{}', 1),
(112, 17, 'first_name', 'text', 'First Name', 1, 1, 1, 1, 1, 1, '{}', 2),
(113, 17, 'last_name', 'text', 'Last Name', 1, 1, 1, 1, 1, 1, '{}', 3),
(114, 17, 'email', 'text', 'Email', 1, 1, 1, 1, 1, 1, '{}', 4),
(115, 17, 'phone', 'text', 'Phone', 1, 1, 1, 1, 1, 1, '{}', 5),
(116, 17, 'message', 'text', 'Message', 0, 1, 1, 1, 1, 1, '{}', 6),
(117, 17, 'created_at', 'timestamp', 'Created At', 0, 1, 1, 1, 0, 1, '{}', 7),
(118, 17, 'updated_at', 'timestamp', 'Updated At', 0, 0, 0, 0, 0, 0, '{}', 8),
(119, 17, 'deleted_at', 'timestamp', 'Deleted At', 0, 1, 1, 1, 1, 1, '{}', 9),
(120, 18, 'id', 'text', 'Id', 1, 0, 0, 0, 0, 0, '{}', 1),
(121, 18, 'email', 'text', 'Email', 1, 1, 1, 1, 1, 1, '{}', 2),
(122, 18, 'subscribed', 'text', 'Subscribed', 0, 1, 1, 1, 1, 1, '{}', 3),
(123, 18, 'created_at', 'timestamp', 'Created At', 0, 1, 1, 1, 0, 1, '{}', 4),
(124, 18, 'updated_at', 'timestamp', 'Updated At', 0, 0, 0, 0, 0, 0, '{}', 5),
(125, 18, 'deleted_at', 'timestamp', 'Deleted At', 0, 1, 1, 1, 1, 1, '{}', 6);

-- --------------------------------------------------------

--
-- Структура таблицы `data_types`
--

CREATE TABLE `data_types` (
  `id` int(10) UNSIGNED NOT NULL,
  `name` varchar(255) COLLATE utf8mb4_unicode_ci NOT NULL,
  `slug` varchar(255) COLLATE utf8mb4_unicode_ci NOT NULL,
  `display_name_singular` varchar(255) COLLATE utf8mb4_unicode_ci NOT NULL,
  `display_name_plural` varchar(255) COLLATE utf8mb4_unicode_ci NOT NULL,
  `icon` varchar(255) COLLATE utf8mb4_unicode_ci DEFAULT NULL,
  `model_name` varchar(255) COLLATE utf8mb4_unicode_ci DEFAULT NULL,
  `policy_name` varchar(255) COLLATE utf8mb4_unicode_ci DEFAULT NULL,
  `controller` varchar(255) COLLATE utf8mb4_unicode_ci DEFAULT NULL,
  `description` varchar(255) COLLATE utf8mb4_unicode_ci DEFAULT NULL,
  `generate_permissions` tinyint(1) NOT NULL DEFAULT 0,
  `server_side` tinyint(4) NOT NULL DEFAULT 0,
  `details` text COLLATE utf8mb4_unicode_ci DEFAULT NULL,
  `created_at` timestamp NULL DEFAULT NULL,
  `updated_at` timestamp NULL DEFAULT NULL
) ENGINE=InnoDB DEFAULT CHARSET=utf8mb4 COLLATE=utf8mb4_unicode_ci;

--
-- Дамп данных таблицы `data_types`
--

INSERT INTO `data_types` (`id`, `name`, `slug`, `display_name_singular`, `display_name_plural`, `icon`, `model_name`, `policy_name`, `controller`, `description`, `generate_permissions`, `server_side`, `details`, `created_at`, `updated_at`) VALUES
(1, 'users', 'users', 'User', 'Users', 'voyager-person', 'TCG\\Voyager\\Models\\User', 'TCG\\Voyager\\Policies\\UserPolicy', 'TCG\\Voyager\\Http\\Controllers\\VoyagerUserController', '', 1, 0, NULL, '2019-10-20 10:25:58', '2019-10-20 10:25:58'),
(2, 'menus', 'menus', 'Menu', 'Menus', 'voyager-list', 'TCG\\Voyager\\Models\\Menu', NULL, '', '', 1, 0, NULL, '2019-10-20 10:25:58', '2019-10-20 10:25:58'),
(3, 'roles', 'roles', 'Role', 'Roles', 'voyager-lock', 'TCG\\Voyager\\Models\\Role', NULL, '', '', 1, 0, NULL, '2019-10-20 10:25:58', '2019-10-20 10:25:58'),
(4, 'categories', 'categories', 'Category', 'Categories', 'voyager-categories', 'TCG\\Voyager\\Models\\Category', NULL, '', '', 1, 0, NULL, '2019-10-20 10:26:04', '2019-10-20 10:26:04'),
(5, 'posts', 'posts', 'Post', 'Posts', 'voyager-news', 'TCG\\Voyager\\Models\\Post', 'TCG\\Voyager\\Policies\\PostPolicy', '', '', 1, 0, NULL, '2019-10-20 10:26:05', '2019-10-20 10:26:05'),
(6, 'pages', 'pages', 'Page', 'Pages', 'voyager-file-text', 'TCG\\Voyager\\Models\\Page', NULL, '', '', 1, 0, NULL, '2019-10-20 10:26:06', '2019-10-20 10:26:06'),
(7, 'programs', 'programs', 'Program', 'Programs', NULL, 'App\\Program', NULL, NULL, NULL, 1, 0, '{\"order_column\":null,\"order_display_column\":null,\"order_direction\":\"asc\",\"default_search_key\":null,\"scope\":null}', '2019-10-20 10:32:18', '2019-10-21 13:32:33'),
(9, 'achives', 'achives', 'Achive', 'Achives', 'voyager-trophy', 'App\\Achive', NULL, NULL, 'fables-iconbussiness or fables-icon.....', 1, 0, '{\"order_column\":null,\"order_display_column\":null,\"order_direction\":\"asc\",\"default_search_key\":null,\"scope\":null}', '2019-10-21 16:00:02', '2019-10-21 16:06:51'),
(11, 'first_block', 'first-block', 'First Block', 'First Blocks', NULL, 'App\\FirstBlock', NULL, NULL, NULL, 1, 0, '{\"order_column\":null,\"order_display_column\":null,\"order_direction\":\"asc\",\"default_search_key\":null}', '2019-10-21 16:18:48', '2019-10-21 16:18:48'),
(12, 'first_blocks', 'first-blocks', 'First Block', 'First Blocks', NULL, 'App\\FirstBlock', NULL, NULL, NULL, 1, 0, '{\"order_column\":null,\"order_display_column\":null,\"order_direction\":\"asc\",\"default_search_key\":null}', '2019-10-21 16:19:50', '2019-10-21 16:19:50'),
(13, 'blockcomments', 'blockcomments', 'Blockcomment', 'Blockcomments', NULL, 'App\\Blockcomment', NULL, NULL, NULL, 1, 0, '{\"order_column\":null,\"order_display_column\":null,\"order_direction\":\"asc\",\"default_search_key\":null}', '2019-10-21 16:37:25', '2019-10-21 16:37:25'),
(14, 'deputies', 'deputies', 'Deputy', 'Deputies', NULL, 'App\\Deputy', NULL, NULL, NULL, 1, 0, '{\"order_column\":null,\"order_display_column\":null,\"order_direction\":\"asc\",\"default_search_key\":null,\"scope\":null}', '2019-10-21 17:01:02', '2019-11-08 16:20:26'),
(15, 'blockstats', 'blockstats', 'Blockstat', 'Blockstats', NULL, 'App\\Blockstat', NULL, NULL, NULL, 1, 0, '{\"order_column\":null,\"order_display_column\":null,\"order_direction\":\"asc\",\"default_search_key\":null}', '2019-10-22 09:23:04', '2019-10-22 09:23:04'),
(16, 'user_requests', 'user-requests', 'User Request', 'User Requests', NULL, 'App\\UserRequest', NULL, NULL, NULL, 1, 0, '{\"order_column\":null,\"order_display_column\":null,\"order_direction\":\"asc\",\"default_search_key\":null}', '2019-10-22 11:57:02', '2019-10-22 11:57:02'),
(17, 'new_messages', 'new-messages', 'New Message', 'New Messages', NULL, 'App\\NewMessage', NULL, NULL, NULL, 1, 0, '{\"order_column\":null,\"order_display_column\":null,\"order_direction\":\"asc\",\"default_search_key\":null}', '2019-10-22 13:43:31', '2019-10-22 13:43:31'),
(18, 'emails', 'emails', 'Email', 'Emails', NULL, 'App\\Email', NULL, NULL, NULL, 1, 0, '{\"order_column\":null,\"order_display_column\":null,\"order_direction\":\"asc\",\"default_search_key\":null}', '2019-11-03 20:13:55', '2019-11-03 20:13:55'),
(19, 'testtable', 'testtable', 'Testtable', 'Testtable', NULL, 'App\\Testtable', NULL, NULL, NULL, 1, 0, '{\"order_column\":null,\"order_display_column\":null,\"order_direction\":\"asc\",\"default_search_key\":null}', '2019-11-08 16:15:50', '2019-11-08 16:15:50');

-- --------------------------------------------------------

--
-- Структура таблицы `deputies`
--

CREATE TABLE `deputies` (
  `id` int(10) UNSIGNED NOT NULL,
  `name` varchar(255) COLLATE utf8mb4_unicode_ci NOT NULL,
  `date_of_birthday` tinytext COLLATE utf8mb4_unicode_ci DEFAULT NULL,
  `position` varchar(255) COLLATE utf8mb4_unicode_ci DEFAULT NULL,
  `bio` text COLLATE utf8mb4_unicode_ci DEFAULT NULL,
  `created_at` timestamp NULL DEFAULT NULL,
  `updated_at` timestamp NULL DEFAULT NULL,
  `deleted_at` timestamp NULL DEFAULT NULL,
  `photo` text COLLATE utf8mb4_unicode_ci NOT NULL,
  `social` text COLLATE utf8mb4_unicode_ci DEFAULT NULL
) ENGINE=InnoDB DEFAULT CHARSET=utf8mb4 COLLATE=utf8mb4_unicode_ci;

--
-- Дамп данных таблицы `deputies`
--

INSERT INTO `deputies` (`id`, `name`, `date_of_birthday`, `position`, `bio`, `created_at`, `updated_at`, `deleted_at`, `photo`, `social`) VALUES
(1, 'Василь Петрович Олешко', '25.10.1946', 'Голова партії', 'Народився 8 жовтня 1983 року у Бердичеві Житомирської області. Закінчив Київський інститут міжнародних відносин за спеціальністю «Міжнародні економічні відносини» та Національний університет Державної податкової служби за спеціальністю «Правознавство». Політтехнолог, політичний аналітик. Керуючий партнер та Директор «Ukrainian Politconsulting Group». Обіймав керівні посади у комерційному та державному секторах, а також в політичних партіях. Працював на виборчих кампаніях з 2006 року. У президентській кампанії 2019 року був спікером виборчого штабу кандидата у президенти України Володимира Зеленського.', '2019-10-21 17:02:00', '2019-10-22 15:51:53', NULL, 'deputies\\October2019\\Coxyzb92obXOL0kiOlLY.jpg', 'https://www.facebook.com/groups/Pidgorodne.Info/?fref=nf'),
(2, 'Василь Петрович Олешко', '25.10.1946', 'Голова партії', 'Народився 8 жовтня 1983 року у Бердичеві Житомирської області. Закінчив Київський інститут міжнародних відносин за спеціальністю «Міжнародні економічні відносини» та Національний університет Державної податкової служби за спеціальністю «Правознавство». Політтехнолог, політичний аналітик. Керуючий партнер та Директор «Ukrainian Politconsulting Group». Обіймав керівні посади у комерційному та державному секторах, а також в політичних партіях. Працював на виборчих кампаніях з 2006 року. У президентській кампанії 2019 року був спікером виборчого штабу кандидата у президенти України Володимира Зеленського.', '2019-10-21 17:02:48', '2019-10-21 17:02:48', NULL, 'deputies\\October2019\\5D7VG8LDO4n3rvh18i7Q.jpg', 'https://www.facebook.com/groups/Pidgorodne.Info/?fref=nf'),
(3, 'Василь Петрович Олешко', '25.10.1946', 'Голова партії', 'Народився 8 жовтня 1983 року у Бердичеві Житомирської області. Закінчив Київський інститут міжнародних відносин за спеціальністю «Міжнародні економічні відносини» та Національний університет Державної податкової служби за спеціальністю «Правознавство». Політтехнолог, політичний аналітик. Керуючий партнер та Директор «Ukrainian Politconsulting Group». Обіймав керівні посади у комерційному та державному секторах, а також в політичних партіях. Працював на виборчих кампаніях з 2006 року. У президентській кампанії 2019 року був спікером виборчого штабу кандидата у президенти України Володимира Зеленського.', '2019-10-21 17:02:48', '2019-10-21 17:02:48', NULL, 'deputies\\October2019\\5D7VG8LDO4n3rvh18i7Q.jpg', 'https://www.facebook.com/groups/Pidgorodne.Info/?fref=nf'),
(4, 'Василь Петрович Олешко', '25.10.1946', 'Голова партії', 'Народився 8 жовтня 1983 року у Бердичеві Житомирської області. Закінчив Київський інститут міжнародних відносин за спеціальністю «Міжнародні економічні відносини» та Національний університет Державної податкової служби за спеціальністю «Правознавство». Політтехнолог, політичний аналітик. Керуючий партнер та Директор «Ukrainian Politconsulting Group». Обіймав керівні посади у комерційному та державному секторах, а також в політичних партіях. Працював на виборчих кампаніях з 2006 року. У президентській кампанії 2019 року був спікером виборчого штабу кандидата у президенти України Володимира Зеленського.', '2019-10-21 17:02:48', '2019-10-21 17:02:48', NULL, 'deputies\\October2019\\5D7VG8LDO4n3rvh18i7Q.jpg', 'https://www.facebook.com/groups/Pidgorodne.Info/?fref=nf'),
(5, 'Василь Петрович Олешко', '25.10.1946', 'Голова партії', 'Народився 8 жовтня 1983 року у Бердичеві Житомирської області. Закінчив Київський інститут міжнародних відносин за спеціальністю «Міжнародні економічні відносини» та Національний університет Державної податкової служби за спеціальністю «Правознавство». Політтехнолог, політичний аналітик. Керуючий партнер та Директор «Ukrainian Politconsulting Group». Обіймав керівні посади у комерційному та державному секторах, а також в політичних партіях. Працював на виборчих кампаніях з 2006 року. У президентській кампанії 2019 року був спікером виборчого штабу кандидата у президенти України Володимира Зеленського.', '2019-10-21 17:02:48', '2019-10-21 17:02:48', NULL, 'deputies\\October2019\\5D7VG8LDO4n3rvh18i7Q.jpg', 'https://www.facebook.com/groups/Pidgorodne.Info/?fref=nf'),
(6, 'Василь Петрович Олешко', '25.10.1946', 'Голова партії', 'Народився 8 жовтня 1983 року у Бердичеві Житомирської області. Закінчив Київський інститут міжнародних відносин за спеціальністю «Міжнародні економічні відносини» та Національний університет Державної податкової служби за спеціальністю «Правознавство». Політтехнолог, політичний аналітик. Керуючий партнер та Директор «Ukrainian Politconsulting Group». Обіймав керівні посади у комерційному та державному секторах, а також в політичних партіях. Працював на виборчих кампаніях з 2006 року. У президентській кампанії 2019 року був спікером виборчого штабу кандидата у президенти України Володимира Зеленського.', '2019-10-21 17:02:48', '2019-10-21 17:02:48', NULL, 'deputies\\October2019\\5D7VG8LDO4n3rvh18i7Q.jpg', 'https://www.facebook.com/groups/Pidgorodne.Info/?fref=nf'),
(7, 'Василь Петрович Олешко', '25.10.1946', 'Голова партії', 'Народився 8 жовтня 1983 року у Бердичеві Житомирської області. Закінчив Київський інститут міжнародних відносин за спеціальністю «Міжнародні економічні відносини» та Національний університет Державної податкової служби за спеціальністю «Правознавство». Політтехнолог, політичний аналітик. Керуючий партнер та Директор «Ukrainian Politconsulting Group». Обіймав керівні посади у комерційному та державному секторах, а також в політичних партіях. Працював на виборчих кампаніях з 2006 року. У президентській кампанії 2019 року був спікером виборчого штабу кандидата у президенти України Володимира Зеленського.', '2019-10-21 17:02:48', '2019-10-21 17:02:48', NULL, 'deputies\\October2019\\5D7VG8LDO4n3rvh18i7Q.jpg', 'https://www.facebook.com/groups/Pidgorodne.Info/?fref=nf'),
(8, 'Василь Петрович Олешко', '25.10.1946', 'Голова партії', 'Народився 8 жовтня 1983 року у Бердичеві Житомирської області. Закінчив Київський інститут міжнародних відносин за спеціальністю «Міжнародні економічні відносини» та Національний університет Державної податкової служби за спеціальністю «Правознавство». Політтехнолог, політичний аналітик. Керуючий партнер та Директор «Ukrainian Politconsulting Group». Обіймав керівні посади у комерційному та державному секторах, а також в політичних партіях. Працював на виборчих кампаніях з 2006 року. У президентській кампанії 2019 року був спікером виборчого штабу кандидата у президенти України Володимира Зеленського.', '2019-10-21 17:02:48', '2019-10-21 17:02:48', NULL, 'deputies\\October2019\\5D7VG8LDO4n3rvh18i7Q.jpg', 'https://www.facebook.com/groups/Pidgorodne.Info/?fref=nf');

-- --------------------------------------------------------

--
-- Структура таблицы `emails`
--

CREATE TABLE `emails` (
  `id` int(10) UNSIGNED NOT NULL,
  `email` text COLLATE utf8mb4_unicode_ci NOT NULL,
  `subscribed` int(11) DEFAULT NULL,
  `created_at` timestamp NULL DEFAULT NULL,
  `updated_at` timestamp NULL DEFAULT NULL,
  `deleted_at` timestamp NULL DEFAULT NULL
) ENGINE=InnoDB DEFAULT CHARSET=utf8mb4 COLLATE=utf8mb4_unicode_ci;

--
-- Дамп данных таблицы `emails`
--

INSERT INTO `emails` (`id`, `email`, `subscribed`, `created_at`, `updated_at`, `deleted_at`) VALUES
(3, 'dimafil1903@gmail.com', 1, NULL, NULL, NULL),
(5, 'dimafilipenko2002@gmail.com', 1, NULL, NULL, NULL);

-- --------------------------------------------------------

--
-- Структура таблицы `first_blocks`
--

CREATE TABLE `first_blocks` (
  `id` int(10) UNSIGNED NOT NULL,
  `created_at` timestamp NULL DEFAULT NULL,
  `updated_at` timestamp NULL DEFAULT NULL,
  `deleted_at` timestamp NULL DEFAULT NULL,
  `title` varchar(255) COLLATE utf8mb4_unicode_ci NOT NULL,
  `body` varchar(255) COLLATE utf8mb4_unicode_ci NOT NULL,
  `faicon` varchar(20) COLLATE utf8mb4_unicode_ci DEFAULT NULL
) ENGINE=InnoDB DEFAULT CHARSET=utf8mb4 COLLATE=utf8mb4_unicode_ci;

--
-- Дамп данных таблицы `first_blocks`
--

INSERT INTO `first_blocks` (`id`, `created_at`, `updated_at`, `deleted_at`, `title`, `body`, `faicon`) VALUES
(1, '2019-10-21 16:09:00', '2019-11-08 16:37:52', NULL, 'Для кого ця партія', 'Для чесних, порядних людей, які готові служити народу, які готові змінювати країну та відстоювати головну позицію партії — побудувати країну, у якій хочеться жити!', 'voyager-smile'),
(2, '2019-10-21 16:14:00', '2019-11-08 16:37:24', NULL, 'Основні цілі', 'Зробити українців рівними перед законом, народних обранців — відповідальними, покарати корупціонерів. Дати економіці розвиватись, навести лад в системі, побудувати гуманітарну політику, яка єднає Україну.', 'voyager-dashboard'),
(3, '2019-10-21 16:15:00', '2019-11-08 16:36:58', NULL, 'Цінності', 'Прозора діяльність, відкритість до народу, відповідальність перед країною, командна робота. Учасники партії завжди і у всьому повинні бути чесними та залишатися людьми!', 'voyager-heart');

-- --------------------------------------------------------

--
-- Структура таблицы `menus`
--

CREATE TABLE `menus` (
  `id` int(10) UNSIGNED NOT NULL,
  `name` varchar(255) COLLATE utf8mb4_unicode_ci NOT NULL,
  `created_at` timestamp NULL DEFAULT NULL,
  `updated_at` timestamp NULL DEFAULT NULL
) ENGINE=InnoDB DEFAULT CHARSET=utf8mb4 COLLATE=utf8mb4_unicode_ci;

--
-- Дамп данных таблицы `menus`
--

INSERT INTO `menus` (`id`, `name`, `created_at`, `updated_at`) VALUES
(1, 'admin', '2019-10-20 10:25:59', '2019-10-20 10:25:59'),
(2, 'Main menu', '2019-10-20 17:06:31', '2019-10-20 17:06:31');

-- --------------------------------------------------------

--
-- Структура таблицы `menu_items`
--

CREATE TABLE `menu_items` (
  `id` int(10) UNSIGNED NOT NULL,
  `menu_id` int(10) UNSIGNED DEFAULT NULL,
  `title` varchar(255) COLLATE utf8mb4_unicode_ci NOT NULL,
  `url` varchar(255) COLLATE utf8mb4_unicode_ci NOT NULL,
  `target` varchar(255) COLLATE utf8mb4_unicode_ci NOT NULL DEFAULT '_self',
  `icon_class` varchar(255) COLLATE utf8mb4_unicode_ci DEFAULT NULL,
  `color` varchar(255) COLLATE utf8mb4_unicode_ci DEFAULT NULL,
  `parent_id` int(11) DEFAULT NULL,
  `order` int(11) NOT NULL,
  `created_at` timestamp NULL DEFAULT NULL,
  `updated_at` timestamp NULL DEFAULT NULL,
  `route` varchar(255) COLLATE utf8mb4_unicode_ci DEFAULT NULL,
  `parameters` text COLLATE utf8mb4_unicode_ci DEFAULT NULL
) ENGINE=InnoDB DEFAULT CHARSET=utf8mb4 COLLATE=utf8mb4_unicode_ci;

--
-- Дамп данных таблицы `menu_items`
--

INSERT INTO `menu_items` (`id`, `menu_id`, `title`, `url`, `target`, `icon_class`, `color`, `parent_id`, `order`, `created_at`, `updated_at`, `route`, `parameters`) VALUES
(1, 1, 'Dashboard', '', '_self', 'voyager-boat', NULL, NULL, 1, '2019-10-20 10:25:59', '2019-10-20 10:25:59', 'voyager.dashboard', NULL),
(2, 1, 'Media', '', '_self', 'voyager-images', NULL, NULL, 5, '2019-10-20 10:25:59', '2019-10-22 14:33:02', 'voyager.media.index', NULL),
(3, 1, 'Users', '', '_self', 'voyager-person', NULL, NULL, 4, '2019-10-20 10:25:59', '2019-10-22 14:33:02', 'voyager.users.index', NULL),
(4, 1, 'Roles', '', '_self', 'voyager-lock', NULL, 3, 1, '2019-10-20 10:25:59', '2019-10-22 12:18:19', 'voyager.roles.index', NULL),
(5, 1, 'Tools', '', '_self', 'voyager-tools', NULL, NULL, 8, '2019-10-20 10:25:59', '2019-10-22 14:33:02', NULL, NULL),
(6, 1, 'Menu Builder', '', '_self', 'voyager-list', NULL, 5, 1, '2019-10-20 10:25:59', '2019-10-21 15:28:53', 'voyager.menus.index', NULL),
(7, 1, 'Database', '', '_self', 'voyager-data', NULL, 5, 2, '2019-10-20 10:25:59', '2019-10-21 15:28:53', 'voyager.database.index', NULL),
(8, 1, 'Compass', '', '_self', 'voyager-compass', NULL, 5, 3, '2019-10-20 10:25:59', '2019-10-21 15:28:53', 'voyager.compass.index', NULL),
(9, 1, 'BREAD', '', '_self', 'voyager-bread', NULL, 5, 4, '2019-10-20 10:25:59', '2019-10-21 15:28:53', 'voyager.bread.index', NULL),
(10, 1, 'Settings', '', '_self', 'voyager-settings', NULL, NULL, 9, '2019-10-20 10:25:59', '2019-10-22 14:33:02', 'voyager.settings.index', NULL),
(11, 1, 'Categories', '', '_self', 'voyager-categories', NULL, NULL, 7, '2019-10-20 10:26:05', '2019-10-22 14:33:02', 'voyager.categories.index', NULL),
(12, 1, 'Новини', '', '_self', 'voyager-news', '#000000', 28, 1, '2019-10-20 10:26:06', '2019-10-22 12:29:44', 'voyager.posts.index', 'null'),
(13, 1, 'Pages', '', '_self', 'voyager-file-text', NULL, NULL, 6, '2019-10-20 10:26:07', '2019-10-22 14:33:02', 'voyager.pages.index', NULL),
(14, 1, 'Hooks', '', '_self', 'voyager-hook', NULL, 5, 5, '2019-10-20 10:26:09', '2019-10-21 15:28:53', 'voyager.hooks', NULL),
(15, 1, 'Програма партії', '', '_self', 'voyager-file-text', '#000000', 28, 2, '2019-10-20 10:32:18', '2019-10-22 12:29:44', 'voyager.programs.index', 'null'),
(17, 2, 'Головна', '/', '_self', NULL, '#000000', NULL, 1, '2019-10-20 17:07:00', '2019-10-20 17:08:29', NULL, ''),
(19, 2, 'Новини', '/news', '_self', NULL, '#000000', NULL, 4, '2019-10-20 17:08:09', '2019-10-31 11:12:41', NULL, ''),
(20, 2, 'Депутати', '/deputies', '_self', NULL, '#000000', NULL, 3, '2019-10-20 17:10:45', '2019-10-31 11:12:48', NULL, ''),
(23, 1, 'Перший блок', '', '_self', 'voyager-browser', '#000000', 28, 3, '2019-10-21 16:19:50', '2019-10-22 12:29:44', 'voyager.first-blocks.index', 'null'),
(24, 1, 'Блок з коментаріїями', '', '_self', 'voyager-chat', '#000000', 28, 4, '2019-10-21 16:37:26', '2019-10-22 12:29:25', 'voyager.blockcomments.index', 'null'),
(25, 1, 'Депутати', '', '_self', 'voyager-people', '#000000', 30, 2, '2019-10-21 17:01:02', '2019-10-22 14:32:57', 'voyager.deputies.index', 'null'),
(26, 1, 'Блок з статистикою', '', '_self', 'voyager-documentation', '#000000', 28, 5, '2019-10-22 09:23:05', '2019-10-22 12:29:31', 'voyager.blockstats.index', 'null'),
(27, 1, 'Нові учасники', '', '_self', 'voyager-group', '#000000', 30, 1, '2019-10-22 11:57:02', '2019-10-22 14:32:54', 'voyager.user-requests.index', 'null'),
(28, 1, 'Контент', '', '_self', 'voyager-harddrive', '#000000', NULL, 2, '2019-10-22 12:19:19', '2019-10-22 12:29:12', NULL, ''),
(29, 1, 'Нові повідомлення', '', '_self', 'voyager-paper-plane', '#000000', 30, 3, '2019-10-22 13:43:32', '2019-10-22 14:33:56', 'voyager.new-messages.index', 'null'),
(30, 1, 'Люди', '', '_self', 'voyager-people', '#000000', NULL, 3, '2019-10-22 14:32:38', '2019-10-22 14:32:50', NULL, ''),
(31, 2, 'Приєднатися', '/join', '_self', NULL, '#000000', NULL, 5, '2019-10-31 11:11:54', '2019-10-31 11:12:34', NULL, ''),
(32, 2, 'Програма партії', '/program', '_self', NULL, '#000000', NULL, 2, '2019-10-31 11:12:27', '2019-10-31 11:12:48', NULL, ''),
(33, 1, 'Emails', '', '_self', NULL, NULL, NULL, 10, '2019-11-03 20:13:56', '2019-11-03 20:13:56', 'voyager.emails.index', NULL),
(34, 1, 'Testtable', '', '_self', NULL, NULL, NULL, 11, '2019-11-08 16:15:51', '2019-11-08 16:15:51', 'voyager.testtable.index', NULL);

-- --------------------------------------------------------

--
-- Структура таблицы `migrations`
--

CREATE TABLE `migrations` (
  `id` int(10) UNSIGNED NOT NULL,
  `migration` varchar(255) COLLATE utf8mb4_unicode_ci NOT NULL,
  `batch` int(11) NOT NULL
) ENGINE=InnoDB DEFAULT CHARSET=utf8mb4 COLLATE=utf8mb4_unicode_ci;

--
-- Дамп данных таблицы `migrations`
--

INSERT INTO `migrations` (`id`, `migration`, `batch`) VALUES
(1, '2014_10_12_000000_create_users_table', 1),
(2, '2014_10_12_100000_create_password_resets_table', 1),
(3, '2016_01_01_000000_add_voyager_user_fields', 1),
(4, '2016_01_01_000000_create_data_types_table', 1),
(5, '2016_05_19_173453_create_menu_table', 1),
(6, '2016_10_21_190000_create_roles_table', 1),
(7, '2016_10_21_190000_create_settings_table', 1),
(8, '2016_11_30_135954_create_permission_table', 1),
(9, '2016_11_30_141208_create_permission_role_table', 1),
(10, '2016_12_26_201236_data_types__add__server_side', 1),
(11, '2017_01_13_000000_add_route_to_menu_items_table', 1),
(12, '2017_01_14_005015_create_translations_table', 1),
(13, '2017_01_15_000000_make_table_name_nullable_in_permissions_table', 1),
(14, '2017_03_06_000000_add_controller_to_data_types_table', 1),
(15, '2017_04_21_000000_add_order_to_data_rows_table', 1),
(16, '2017_07_05_210000_add_policyname_to_data_types_table', 1),
(17, '2017_08_05_000000_add_group_to_settings_table', 1),
(18, '2017_11_26_013050_add_user_role_relationship', 1),
(19, '2017_11_26_015000_create_user_roles_table', 1),
(20, '2018_03_11_000000_add_user_settings', 1),
(21, '2018_03_14_000000_add_details_to_data_types_table', 1),
(22, '2018_03_16_000000_make_settings_value_nullable', 1),
(23, '2016_01_01_000000_create_pages_table', 2),
(24, '2016_01_01_000000_create_posts_table', 2),
(25, '2016_02_15_204651_create_categories_table', 2),
(26, '2017_04_11_000000_alter_post_nullable_fields_table', 2);

-- --------------------------------------------------------

--
-- Структура таблицы `new_messages`
--

CREATE TABLE `new_messages` (
  `id` int(10) UNSIGNED NOT NULL,
  `first_name` varchar(64) COLLATE utf8mb4_unicode_ci NOT NULL,
  `last_name` varchar(64) COLLATE utf8mb4_unicode_ci NOT NULL,
  `email` varchar(100) COLLATE utf8mb4_unicode_ci NOT NULL,
  `phone` varchar(20) COLLATE utf8mb4_unicode_ci NOT NULL,
  `message` text COLLATE utf8mb4_unicode_ci DEFAULT NULL,
  `created_at` timestamp NULL DEFAULT NULL,
  `updated_at` timestamp NULL DEFAULT NULL,
  `deleted_at` timestamp NULL DEFAULT NULL
) ENGINE=InnoDB DEFAULT CHARSET=utf8mb4 COLLATE=utf8mb4_unicode_ci;

--
-- Дамп данных таблицы `new_messages`
--

INSERT INTO `new_messages` (`id`, `first_name`, `last_name`, `email`, `phone`, `message`, `created_at`, `updated_at`, `deleted_at`) VALUES
(3, 'Дима', 'Филипенко', 'dimafilipenko2002@gmail.com', '+380976961719', 'Тест', '2019-11-09 08:47:24', NULL, NULL);

-- --------------------------------------------------------

--
-- Структура таблицы `pages`
--

CREATE TABLE `pages` (
  `id` int(10) UNSIGNED NOT NULL,
  `author_id` int(11) NOT NULL,
  `title` varchar(255) COLLATE utf8mb4_unicode_ci NOT NULL,
  `excerpt` text COLLATE utf8mb4_unicode_ci DEFAULT NULL,
  `body` text COLLATE utf8mb4_unicode_ci DEFAULT NULL,
  `image` varchar(255) COLLATE utf8mb4_unicode_ci DEFAULT NULL,
  `slug` varchar(255) COLLATE utf8mb4_unicode_ci NOT NULL,
  `meta_description` text COLLATE utf8mb4_unicode_ci DEFAULT NULL,
  `meta_keywords` text COLLATE utf8mb4_unicode_ci DEFAULT NULL,
  `status` enum('ACTIVE','INACTIVE') COLLATE utf8mb4_unicode_ci NOT NULL DEFAULT 'INACTIVE',
  `created_at` timestamp NULL DEFAULT NULL,
  `updated_at` timestamp NULL DEFAULT NULL
) ENGINE=InnoDB DEFAULT CHARSET=utf8mb4 COLLATE=utf8mb4_unicode_ci;

--
-- Дамп данных таблицы `pages`
--

INSERT INTO `pages` (`id`, `author_id`, `title`, `excerpt`, `body`, `image`, `slug`, `meta_description`, `meta_keywords`, `status`, `created_at`, `updated_at`) VALUES
(1, 0, 'Hello World', 'Hang the jib grog grog blossom grapple dance the hempen jig gangway pressgang bilge rat to go on account lugger. Nelsons folly gabion line draught scallywag fire ship gaff fluke fathom case shot. Sea Legs bilge rat sloop matey gabion long clothes run a shot across the bow Gold Road cog league.', '<p>Hello World. Scallywag grog swab Cat o\'nine tails scuttle rigging hardtack cable nipper Yellow Jack. Handsomely spirits knave lad killick landlubber or just lubber deadlights chantey pinnace crack Jennys tea cup. Provost long clothes black spot Yellow Jack bilged on her anchor league lateen sail case shot lee tackle.</p>\n<p>Ballast spirits fluke topmast me quarterdeck schooner landlubber or just lubber gabion belaying pin. Pinnace stern galleon starboard warp carouser to go on account dance the hempen jig jolly boat measured fer yer chains. Man-of-war fire in the hole nipperkin handsomely doubloon barkadeer Brethren of the Coast gibbet driver squiffy.</p>', 'pages/page1.jpg', 'hello-world', 'Yar Meta Description', 'Keyword1, Keyword2', 'ACTIVE', '2019-10-20 10:26:07', '2019-10-20 10:26:07');

-- --------------------------------------------------------

--
-- Структура таблицы `password_resets`
--

CREATE TABLE `password_resets` (
  `email` varchar(255) COLLATE utf8mb4_unicode_ci NOT NULL,
  `token` varchar(255) COLLATE utf8mb4_unicode_ci NOT NULL,
  `created_at` timestamp NULL DEFAULT NULL
) ENGINE=InnoDB DEFAULT CHARSET=utf8mb4 COLLATE=utf8mb4_unicode_ci;

-- --------------------------------------------------------

--
-- Структура таблицы `permissions`
--

CREATE TABLE `permissions` (
  `id` bigint(20) UNSIGNED NOT NULL,
  `key` varchar(255) COLLATE utf8mb4_unicode_ci NOT NULL,
  `table_name` varchar(255) COLLATE utf8mb4_unicode_ci DEFAULT NULL,
  `created_at` timestamp NULL DEFAULT NULL,
  `updated_at` timestamp NULL DEFAULT NULL
) ENGINE=InnoDB DEFAULT CHARSET=utf8mb4 COLLATE=utf8mb4_unicode_ci;

--
-- Дамп данных таблицы `permissions`
--

INSERT INTO `permissions` (`id`, `key`, `table_name`, `created_at`, `updated_at`) VALUES
(1, 'browse_admin', NULL, '2019-10-20 10:25:59', '2019-10-20 10:25:59'),
(2, 'browse_bread', NULL, '2019-10-20 10:25:59', '2019-10-20 10:25:59'),
(3, 'browse_database', NULL, '2019-10-20 10:25:59', '2019-10-20 10:25:59'),
(4, 'browse_media', NULL, '2019-10-20 10:25:59', '2019-10-20 10:25:59'),
(5, 'browse_compass', NULL, '2019-10-20 10:25:59', '2019-10-20 10:25:59'),
(6, 'browse_menus', 'menus', '2019-10-20 10:25:59', '2019-10-20 10:25:59'),
(7, 'read_menus', 'menus', '2019-10-20 10:26:00', '2019-10-20 10:26:00'),
(8, 'edit_menus', 'menus', '2019-10-20 10:26:00', '2019-10-20 10:26:00'),
(9, 'add_menus', 'menus', '2019-10-20 10:26:00', '2019-10-20 10:26:00'),
(10, 'delete_menus', 'menus', '2019-10-20 10:26:00', '2019-10-20 10:26:00'),
(11, 'browse_roles', 'roles', '2019-10-20 10:26:00', '2019-10-20 10:26:00'),
(12, 'read_roles', 'roles', '2019-10-20 10:26:00', '2019-10-20 10:26:00'),
(13, 'edit_roles', 'roles', '2019-10-20 10:26:00', '2019-10-20 10:26:00'),
(14, 'add_roles', 'roles', '2019-10-20 10:26:00', '2019-10-20 10:26:00'),
(15, 'delete_roles', 'roles', '2019-10-20 10:26:00', '2019-10-20 10:26:00'),
(16, 'browse_users', 'users', '2019-10-20 10:26:00', '2019-10-20 10:26:00'),
(17, 'read_users', 'users', '2019-10-20 10:26:00', '2019-10-20 10:26:00'),
(18, 'edit_users', 'users', '2019-10-20 10:26:00', '2019-10-20 10:26:00'),
(19, 'add_users', 'users', '2019-10-20 10:26:00', '2019-10-20 10:26:00'),
(20, 'delete_users', 'users', '2019-10-20 10:26:00', '2019-10-20 10:26:00'),
(21, 'browse_settings', 'settings', '2019-10-20 10:26:00', '2019-10-20 10:26:00'),
(22, 'read_settings', 'settings', '2019-10-20 10:26:00', '2019-10-20 10:26:00'),
(23, 'edit_settings', 'settings', '2019-10-20 10:26:00', '2019-10-20 10:26:00'),
(24, 'add_settings', 'settings', '2019-10-20 10:26:00', '2019-10-20 10:26:00'),
(25, 'delete_settings', 'settings', '2019-10-20 10:26:00', '2019-10-20 10:26:00'),
(26, 'browse_categories', 'categories', '2019-10-20 10:26:05', '2019-10-20 10:26:05'),
(27, 'read_categories', 'categories', '2019-10-20 10:26:05', '2019-10-20 10:26:05'),
(28, 'edit_categories', 'categories', '2019-10-20 10:26:05', '2019-10-20 10:26:05'),
(29, 'add_categories', 'categories', '2019-10-20 10:26:05', '2019-10-20 10:26:05'),
(30, 'delete_categories', 'categories', '2019-10-20 10:26:05', '2019-10-20 10:26:05'),
(31, 'browse_posts', 'posts', '2019-10-20 10:26:06', '2019-10-20 10:26:06'),
(32, 'read_posts', 'posts', '2019-10-20 10:26:06', '2019-10-20 10:26:06'),
(33, 'edit_posts', 'posts', '2019-10-20 10:26:06', '2019-10-20 10:26:06'),
(34, 'add_posts', 'posts', '2019-10-20 10:26:06', '2019-10-20 10:26:06'),
(35, 'delete_posts', 'posts', '2019-10-20 10:26:06', '2019-10-20 10:26:06'),
(36, 'browse_pages', 'pages', '2019-10-20 10:26:07', '2019-10-20 10:26:07'),
(37, 'read_pages', 'pages', '2019-10-20 10:26:07', '2019-10-20 10:26:07'),
(38, 'edit_pages', 'pages', '2019-10-20 10:26:07', '2019-10-20 10:26:07'),
(39, 'add_pages', 'pages', '2019-10-20 10:26:07', '2019-10-20 10:26:07'),
(40, 'delete_pages', 'pages', '2019-10-20 10:26:07', '2019-10-20 10:26:07'),
(41, 'browse_hooks', NULL, '2019-10-20 10:26:09', '2019-10-20 10:26:09'),
(42, 'browse_programs', 'programs', '2019-10-20 10:32:18', '2019-10-20 10:32:18'),
(43, 'read_programs', 'programs', '2019-10-20 10:32:18', '2019-10-20 10:32:18'),
(44, 'edit_programs', 'programs', '2019-10-20 10:32:18', '2019-10-20 10:32:18'),
(45, 'add_programs', 'programs', '2019-10-20 10:32:18', '2019-10-20 10:32:18'),
(46, 'delete_programs', 'programs', '2019-10-20 10:32:18', '2019-10-20 10:32:18'),
(52, 'browse_achives', 'achives', '2019-10-21 16:00:02', '2019-10-21 16:00:02'),
(53, 'read_achives', 'achives', '2019-10-21 16:00:02', '2019-10-21 16:00:02'),
(54, 'edit_achives', 'achives', '2019-10-21 16:00:02', '2019-10-21 16:00:02'),
(55, 'add_achives', 'achives', '2019-10-21 16:00:02', '2019-10-21 16:00:02'),
(56, 'delete_achives', 'achives', '2019-10-21 16:00:02', '2019-10-21 16:00:02'),
(57, 'browse_first_block', 'first_block', '2019-10-21 16:18:48', '2019-10-21 16:18:48'),
(58, 'read_first_block', 'first_block', '2019-10-21 16:18:48', '2019-10-21 16:18:48'),
(59, 'edit_first_block', 'first_block', '2019-10-21 16:18:48', '2019-10-21 16:18:48'),
(60, 'add_first_block', 'first_block', '2019-10-21 16:18:48', '2019-10-21 16:18:48'),
(61, 'delete_first_block', 'first_block', '2019-10-21 16:18:48', '2019-10-21 16:18:48'),
(62, 'browse_first_blocks', 'first_blocks', '2019-10-21 16:19:50', '2019-10-21 16:19:50'),
(63, 'read_first_blocks', 'first_blocks', '2019-10-21 16:19:50', '2019-10-21 16:19:50'),
(64, 'edit_first_blocks', 'first_blocks', '2019-10-21 16:19:50', '2019-10-21 16:19:50'),
(65, 'add_first_blocks', 'first_blocks', '2019-10-21 16:19:50', '2019-10-21 16:19:50'),
(66, 'delete_first_blocks', 'first_blocks', '2019-10-21 16:19:50', '2019-10-21 16:19:50'),
(67, 'browse_blockcomments', 'blockcomments', '2019-10-21 16:37:26', '2019-10-21 16:37:26'),
(68, 'read_blockcomments', 'blockcomments', '2019-10-21 16:37:26', '2019-10-21 16:37:26'),
(69, 'edit_blockcomments', 'blockcomments', '2019-10-21 16:37:26', '2019-10-21 16:37:26'),
(70, 'add_blockcomments', 'blockcomments', '2019-10-21 16:37:26', '2019-10-21 16:37:26'),
(71, 'delete_blockcomments', 'blockcomments', '2019-10-21 16:37:26', '2019-10-21 16:37:26'),
(72, 'browse_deputies', 'deputies', '2019-10-21 17:01:02', '2019-10-21 17:01:02'),
(73, 'read_deputies', 'deputies', '2019-10-21 17:01:02', '2019-10-21 17:01:02'),
(74, 'edit_deputies', 'deputies', '2019-10-21 17:01:02', '2019-10-21 17:01:02'),
(75, 'add_deputies', 'deputies', '2019-10-21 17:01:02', '2019-10-21 17:01:02'),
(76, 'delete_deputies', 'deputies', '2019-10-21 17:01:02', '2019-10-21 17:01:02'),
(77, 'browse_blockstats', 'blockstats', '2019-10-22 09:23:04', '2019-10-22 09:23:04'),
(78, 'read_blockstats', 'blockstats', '2019-10-22 09:23:04', '2019-10-22 09:23:04'),
(79, 'edit_blockstats', 'blockstats', '2019-10-22 09:23:04', '2019-10-22 09:23:04'),
(80, 'add_blockstats', 'blockstats', '2019-10-22 09:23:04', '2019-10-22 09:23:04'),
(81, 'delete_blockstats', 'blockstats', '2019-10-22 09:23:04', '2019-10-22 09:23:04'),
(82, 'browse_user_requests', 'user_requests', '2019-10-22 11:57:02', '2019-10-22 11:57:02'),
(83, 'read_user_requests', 'user_requests', '2019-10-22 11:57:02', '2019-10-22 11:57:02'),
(84, 'edit_user_requests', 'user_requests', '2019-10-22 11:57:02', '2019-10-22 11:57:02'),
(85, 'add_user_requests', 'user_requests', '2019-10-22 11:57:02', '2019-10-22 11:57:02'),
(86, 'delete_user_requests', 'user_requests', '2019-10-22 11:57:02', '2019-10-22 11:57:02'),
(87, 'browse_new_messages', 'new_messages', '2019-10-22 13:43:32', '2019-10-22 13:43:32'),
(88, 'read_new_messages', 'new_messages', '2019-10-22 13:43:32', '2019-10-22 13:43:32'),
(89, 'edit_new_messages', 'new_messages', '2019-10-22 13:43:32', '2019-10-22 13:43:32'),
(90, 'add_new_messages', 'new_messages', '2019-10-22 13:43:32', '2019-10-22 13:43:32'),
(91, 'delete_new_messages', 'new_messages', '2019-10-22 13:43:32', '2019-10-22 13:43:32'),
(92, 'browse_emails', 'emails', '2019-11-03 20:13:56', '2019-11-03 20:13:56'),
(93, 'read_emails', 'emails', '2019-11-03 20:13:56', '2019-11-03 20:13:56'),
(94, 'edit_emails', 'emails', '2019-11-03 20:13:56', '2019-11-03 20:13:56'),
(95, 'add_emails', 'emails', '2019-11-03 20:13:56', '2019-11-03 20:13:56'),
(96, 'delete_emails', 'emails', '2019-11-03 20:13:56', '2019-11-03 20:13:56'),
(97, 'browse_testtable', 'testtable', '2019-11-08 16:15:51', '2019-11-08 16:15:51'),
(98, 'read_testtable', 'testtable', '2019-11-08 16:15:51', '2019-11-08 16:15:51'),
(99, 'edit_testtable', 'testtable', '2019-11-08 16:15:51', '2019-11-08 16:15:51'),
(100, 'add_testtable', 'testtable', '2019-11-08 16:15:51', '2019-11-08 16:15:51'),
(101, 'delete_testtable', 'testtable', '2019-11-08 16:15:51', '2019-11-08 16:15:51');

-- --------------------------------------------------------

--
-- Структура таблицы `permission_role`
--

CREATE TABLE `permission_role` (
  `permission_id` bigint(20) UNSIGNED NOT NULL,
  `role_id` bigint(20) UNSIGNED NOT NULL
) ENGINE=InnoDB DEFAULT CHARSET=utf8mb4 COLLATE=utf8mb4_unicode_ci;

--
-- Дамп данных таблицы `permission_role`
--

INSERT INTO `permission_role` (`permission_id`, `role_id`) VALUES
(1, 1),
(2, 1),
(3, 1),
(4, 1),
(5, 1),
(6, 1),
(7, 1),
(8, 1),
(9, 1),
(10, 1),
(11, 1),
(12, 1),
(13, 1),
(14, 1),
(15, 1),
(16, 1),
(17, 1),
(18, 1),
(19, 1),
(20, 1),
(21, 1),
(22, 1),
(23, 1),
(24, 1),
(25, 1),
(26, 1),
(27, 1),
(28, 1),
(29, 1),
(30, 1),
(31, 1),
(32, 1),
(33, 1),
(34, 1),
(35, 1),
(36, 1),
(37, 1),
(38, 1),
(39, 1),
(40, 1),
(41, 1),
(42, 1),
(43, 1),
(44, 1),
(45, 1),
(46, 1),
(52, 1),
(53, 1),
(54, 1),
(55, 1),
(56, 1),
(57, 1),
(58, 1),
(59, 1),
(60, 1),
(61, 1),
(62, 1),
(63, 1),
(64, 1),
(65, 1),
(66, 1),
(67, 1),
(68, 1),
(69, 1),
(70, 1),
(71, 1),
(72, 1),
(73, 1),
(74, 1),
(75, 1),
(76, 1),
(77, 1),
(78, 1),
(79, 1),
(80, 1),
(81, 1),
(82, 1),
(83, 1),
(84, 1),
(85, 1),
(86, 1),
(87, 1),
(88, 1),
(89, 1),
(90, 1),
(91, 1),
(92, 1),
(93, 1),
(94, 1),
(95, 1),
(96, 1),
(97, 1),
(98, 1),
(99, 1),
(100, 1),
(101, 1);

-- --------------------------------------------------------

--
-- Структура таблицы `posts`
--

CREATE TABLE `posts` (
  `id` int(10) UNSIGNED NOT NULL,
  `author_id` int(11) NOT NULL,
  `category_id` int(11) DEFAULT NULL,
  `title` varchar(255) COLLATE utf8mb4_unicode_ci NOT NULL,
  `seo_title` varchar(255) COLLATE utf8mb4_unicode_ci DEFAULT NULL,
  `excerpt` text COLLATE utf8mb4_unicode_ci DEFAULT NULL,
  `body` text COLLATE utf8mb4_unicode_ci NOT NULL,
  `image` varchar(255) COLLATE utf8mb4_unicode_ci DEFAULT NULL,
  `slug` varchar(255) COLLATE utf8mb4_unicode_ci NOT NULL,
  `meta_description` text COLLATE utf8mb4_unicode_ci DEFAULT NULL,
  `meta_keywords` text COLLATE utf8mb4_unicode_ci DEFAULT NULL,
  `status` enum('PUBLISHED','DRAFT','PENDING') COLLATE utf8mb4_unicode_ci NOT NULL DEFAULT 'DRAFT',
  `featured` tinyint(1) NOT NULL DEFAULT 0,
  `created_at` timestamp NULL DEFAULT NULL,
  `updated_at` timestamp NULL DEFAULT NULL
) ENGINE=InnoDB DEFAULT CHARSET=utf8mb4 COLLATE=utf8mb4_unicode_ci;

--
-- Дамп данных таблицы `posts`
--

INSERT INTO `posts` (`id`, `author_id`, `category_id`, `title`, `seo_title`, `excerpt`, `body`, `image`, `slug`, `meta_description`, `meta_keywords`, `status`, `featured`, `created_at`, `updated_at`) VALUES
(5, 1, 1, 'Гейші і королі: Як Зеленський зі Штайнмайєром вітали нового імператора Японії', NULL, 'На церемонію інтронізації нового японського імператора Нарухіто з\'їхалися лідери близько 200 країн, серед яких – президент України Володимир Зеленський з дружиною', '<p style=\"box-sizing: border-box; margin: 20px 0px; padding: 0px; border: 0px; font-variant-numeric: inherit; font-variant-east-asian: inherit; font-stretch: inherit; line-height: 24px; font-family: PTSans-Regular, sans-serif; font-size: 18px; vertical-align: baseline; color: #000000; outline: none !important;\">Дійство відбулося&nbsp;в найпочеснішому \"Сосновому залі\" імператорського палацу, що знаходиться в Токіо.&nbsp;</p>\r\n<p style=\"box-sizing: border-box; margin: 20px 0px; padding: 0px; border: 0px; font-variant-numeric: inherit; font-variant-east-asian: inherit; font-stretch: inherit; line-height: 24px; font-family: PTSans-Regular, sans-serif; font-size: 18px; vertical-align: baseline; color: #000000; outline: none !important;\">Нарухіто &ndash;&nbsp;<a style=\"box-sizing: border-box; margin: 0px; padding: 0px; border: 0px; font-style: inherit; font-variant: inherit; font-weight: inherit; font-stretch: inherit; line-height: inherit; font-family: inherit; vertical-align: baseline; color: #ff6a00; text-decoration-line: none; cursor: pointer; outline: none !important;\" href=\"https://www.depo.ua/ukr/politics/yaponiya-otrimala-novogo-imperatora-shcho-vidomo-pro-narukhito-201910221049074\">старший син імператора Акіхіто і наслідний принц Японії</a>, якого було оголошено імператором 1 травня 2019 року.</p>\r\n<p style=\"box-sizing: border-box; margin: 20px 0px; padding: 0px; border: 0px; font-variant-numeric: inherit; font-variant-east-asian: inherit; font-stretch: inherit; line-height: 24px; font-family: PTSans-Regular, sans-serif; font-size: 18px; vertical-align: baseline; color: #000000; outline: none !important;\">Попередній раз японський&nbsp;імператор зійшов на трон 30 років тому &ndash;&nbsp;себто, Зеленський став першим президентом України, який побував на церемонії.&nbsp;</p>\r\n<p style=\"box-sizing: border-box; margin: 20px 0px; padding: 0px; border: 0px; font-variant-numeric: inherit; font-variant-east-asian: inherit; font-stretch: inherit; line-height: 24px; font-family: PTSans-Regular, sans-serif; font-size: 18px; vertical-align: baseline; color: #000000; outline: none !important;\">\"Проведення стародавнього обряду в сучасній Японії є прикладом того, як в одній державі можуть співіснувати і глибока повага до традицій, і впровадження новітніх високих технологій для поліпшення життя кожної людини\", &ndash; цитують Зеленського в офіційному telegram-каналі Офісу президента.&nbsp;</p>\r\n<p style=\"box-sizing: border-box; margin: 20px 0px; padding: 0px; border: 0px; font-variant-numeric: inherit; font-variant-east-asian: inherit; font-stretch: inherit; line-height: 24px; font-family: PTSans-Regular, sans-serif; font-size: 18px; vertical-align: baseline; color: #000000; outline: none !important;\"><a style=\"box-sizing: border-box; margin: 0px; padding: 0px; border: 0px; font-style: inherit; font-variant: inherit; font-weight: inherit; font-stretch: inherit; line-height: inherit; font-family: inherit; vertical-align: baseline; color: #ff6a00; text-decoration-line: none; cursor: pointer; outline: none !important;\" href=\"https://www.depo.ua/\">Depo.ua</a>&nbsp;зібрав яскраві світлини з церемонії.&nbsp;</p>\r\n<p style=\"box-sizing: border-box; margin: 20px 0px; padding: 0px; border: 0px; font-variant-numeric: inherit; font-variant-east-asian: inherit; font-stretch: inherit; line-height: 24px; font-family: PTSans-Regular, sans-serif; font-size: 18px; vertical-align: baseline; color: #000000; outline: none !important;\"><img id=\"\" dir=\"\" lang=\"\" style=\"box-sizing: border-box; margin: 0px; padding: 0px; border: 0px; font-style: inherit; font-variant: inherit; font-weight: inherit; font-stretch: inherit; line-height: inherit; font-family: inherit; vertical-align: baseline; max-width: 100%; outline: none !important; height: auto !important;\" title=\"\" src=\"https://www.depo.ua/uploads/posts/20191022/754x/eUJya4xctZyIoMSpTQv7cqabNupRAqBPx7YVPMv1.png\" alt=\"\" width=\"779\" height=\"538\" longdesc=\"https://www.depo.ua/ukr/politics/yak-zelenskiy-iz-korolyami-ta-korolevami-vitali-novogo-imperatora-yaponii-201910221049256\" /></p>\r\n<p style=\"box-sizing: border-box; margin: 20px 0px; padding: 0px; border: 0px; font-variant-numeric: inherit; font-variant-east-asian: inherit; font-stretch: inherit; line-height: 24px; font-family: PTSans-Regular, sans-serif; font-size: 18px; vertical-align: baseline; color: #000000; outline: none !important;\"><img id=\"\" dir=\"\" lang=\"\" style=\"box-sizing: border-box; margin: 0px; padding: 0px; border: 0px; font-style: inherit; font-variant: inherit; font-weight: inherit; font-stretch: inherit; line-height: inherit; font-family: inherit; vertical-align: baseline; max-width: 100%; outline: none !important; height: auto !important;\" title=\"\" src=\"https://www.depo.ua/uploads/posts/20191022/754x/UO1MLNhvcaaBigGi7j1gxloHbuUnOPtpgi2KmTFF.jpeg\" alt=\"\" width=\"700\" height=\"623\" longdesc=\"https://www.depo.ua/ukr/politics/yak-zelenskiy-iz-korolyami-ta-korolevami-vitali-novogo-imperatora-yaponii-201910221049256\" /></p>\r\n<p style=\"box-sizing: border-box; margin: 20px 0px; padding: 0px; border: 0px; font-variant-numeric: inherit; font-variant-east-asian: inherit; font-stretch: inherit; line-height: 24px; font-family: PTSans-Regular, sans-serif; font-size: 18px; vertical-align: baseline; color: #000000; outline: none !important;\"><em style=\"box-sizing: border-box; margin: 0px; padding: 0px; border: 0px; font-variant: inherit; font-weight: inherit; font-stretch: inherit; line-height: inherit; font-family: inherit; vertical-align: baseline; outline: none !important;\">Принц Чарльз та принцеса Мері з Данії</em></p>\r\n<p style=\"box-sizing: border-box; margin: 20px 0px; padding: 0px; border: 0px; font-variant-numeric: inherit; font-variant-east-asian: inherit; font-stretch: inherit; line-height: 24px; font-family: PTSans-Regular, sans-serif; font-size: 18px; vertical-align: baseline; color: #000000; outline: none !important;\"><img id=\"\" dir=\"\" lang=\"\" style=\"box-sizing: border-box; margin: 0px; padding: 0px; border: 0px; font-style: inherit; font-variant: inherit; font-weight: inherit; font-stretch: inherit; line-height: inherit; font-family: inherit; vertical-align: baseline; max-width: 100%; outline: none !important; height: auto !important;\" title=\"\" src=\"https://www.depo.ua/uploads/posts/20191022/754x/zkFjIdiXFK7zAx31f9A0O15R7QAi6OhHJnRp5jgA.jpeg\" alt=\"\" width=\"700\" height=\"466\" longdesc=\"https://www.depo.ua/ukr/politics/yak-zelenskiy-iz-korolyami-ta-korolevami-vitali-novogo-imperatora-yaponii-201910221049256\" /></p>\r\n<p style=\"box-sizing: border-box; margin: 20px 0px; padding: 0px; border: 0px; font-variant-numeric: inherit; font-variant-east-asian: inherit; font-stretch: inherit; line-height: 24px; font-family: PTSans-Regular, sans-serif; font-size: 18px; vertical-align: baseline; color: #000000; outline: none !important;\"><img id=\"\" dir=\"\" lang=\"\" style=\"box-sizing: border-box; margin: 0px; padding: 0px; border: 0px; font-style: inherit; font-variant: inherit; font-weight: inherit; font-stretch: inherit; line-height: inherit; font-family: inherit; vertical-align: baseline; max-width: 100%; outline: none !important; height: auto !important;\" title=\"\" src=\"https://www.depo.ua/uploads/posts/20191022/754x/T1VAc5FaWAaHTXfHBlKVF5vYcHt8pEsguCfmPDo5.jpeg\" alt=\"\" width=\"700\" height=\"466\" longdesc=\"https://www.depo.ua/ukr/politics/yak-zelenskiy-iz-korolyami-ta-korolevami-vitali-novogo-imperatora-yaponii-201910221049256\" /></p>\r\n<p style=\"box-sizing: border-box; margin: 20px 0px; padding: 0px; border: 0px; font-variant-numeric: inherit; font-variant-east-asian: inherit; font-stretch: inherit; line-height: 24px; font-family: PTSans-Regular, sans-serif; font-size: 18px; vertical-align: baseline; color: #000000; outline: none !important;\"><img id=\"\" dir=\"\" lang=\"\" style=\"box-sizing: border-box; margin: 0px; padding: 0px; border: 0px; font-style: inherit; font-variant: inherit; font-weight: inherit; font-stretch: inherit; line-height: inherit; font-family: inherit; vertical-align: baseline; max-width: 100%; outline: none !important; height: auto !important;\" title=\"\" src=\"https://www.depo.ua/uploads/posts/20191022/754x/ZaTCzHlYg1IJia7ANtMG4NTJ2w3jj0xi7cw27Sum.jpeg\" alt=\"\" width=\"700\" height=\"493\" longdesc=\"https://www.depo.ua/ukr/politics/yak-zelenskiy-iz-korolyami-ta-korolevami-vitali-novogo-imperatora-yaponii-201910221049256\" /></p>\r\n<p style=\"box-sizing: border-box; margin: 20px 0px; padding: 0px; border: 0px; font-variant-numeric: inherit; font-variant-east-asian: inherit; font-stretch: inherit; line-height: 24px; font-family: PTSans-Regular, sans-serif; font-size: 18px; vertical-align: baseline; color: #000000; outline: none !important;\"><em style=\"box-sizing: border-box; margin: 0px; padding: 0px; border: 0px; font-variant: inherit; font-weight: inherit; font-stretch: inherit; line-height: inherit; font-family: inherit; vertical-align: baseline; outline: none !important;\">Президент Пакистану Аріф Алві з дружиною Саміною</em></p>\r\n<p style=\"box-sizing: border-box; margin: 20px 0px; padding: 0px; border: 0px; font-variant-numeric: inherit; font-variant-east-asian: inherit; font-stretch: inherit; line-height: 24px; font-family: PTSans-Regular, sans-serif; font-size: 18px; vertical-align: baseline; color: #000000; outline: none !important;\"><img id=\"\" dir=\"\" lang=\"\" style=\"box-sizing: border-box; margin: 0px; padding: 0px; border: 0px; font-style: inherit; font-variant: inherit; font-weight: inherit; font-stretch: inherit; line-height: inherit; font-family: inherit; vertical-align: baseline; max-width: 100%; outline: none !important; height: auto !important;\" title=\"\" src=\"https://www.depo.ua/uploads/posts/20191022/754x/YkV36m72xJdrfm34Di1Yb8n2cqrhlTwHyGco82In.jpeg\" alt=\"\" width=\"700\" height=\"456\" longdesc=\"https://www.depo.ua/ukr/politics/yak-zelenskiy-iz-korolyami-ta-korolevami-vitali-novogo-imperatora-yaponii-201910221049256\" /></p>\r\n<p style=\"box-sizing: border-box; margin: 20px 0px; padding: 0px; border: 0px; font-variant-numeric: inherit; font-variant-east-asian: inherit; font-stretch: inherit; line-height: 24px; font-family: PTSans-Regular, sans-serif; font-size: 18px; vertical-align: baseline; color: #000000; outline: none !important;\"><em style=\"box-sizing: border-box; margin: 0px; padding: 0px; border: 0px; font-variant: inherit; font-weight: inherit; font-stretch: inherit; line-height: inherit; font-family: inherit; vertical-align: baseline; outline: none !important;\">Президент Болгарії Роман Радев з дружиною Дезіславою</em></p>\r\n<p style=\"box-sizing: border-box; margin: 20px 0px; padding: 0px; border: 0px; font-variant-numeric: inherit; font-variant-east-asian: inherit; font-stretch: inherit; line-height: 24px; font-family: PTSans-Regular, sans-serif; font-size: 18px; vertical-align: baseline; color: #000000; outline: none !important;\"><img id=\"\" dir=\"\" lang=\"\" style=\"box-sizing: border-box; margin: 0px; padding: 0px; border: 0px; font-style: inherit; font-variant: inherit; font-weight: inherit; font-stretch: inherit; line-height: inherit; font-family: inherit; vertical-align: baseline; max-width: 100%; outline: none !important; height: auto !important;\" title=\"\" src=\"https://www.depo.ua/uploads/posts/20191022/754x/3cVhTQx1hQynzaB7AbQCl2QP9M9whqmTIUZwadXv.jpeg\" alt=\"\" width=\"700\" height=\"466\" longdesc=\"https://www.depo.ua/ukr/politics/yak-zelenskiy-iz-korolyami-ta-korolevami-vitali-novogo-imperatora-yaponii-201910221049256\" />\\</p>\r\n<p style=\"box-sizing: border-box; margin: 20px 0px; padding: 0px; border: 0px; font-variant-numeric: inherit; font-variant-east-asian: inherit; font-stretch: inherit; line-height: 24px; font-family: PTSans-Regular, sans-serif; font-size: 18px; vertical-align: baseline; color: #000000; outline: none !important;\"><em style=\"box-sizing: border-box; margin: 0px; padding: 0px; border: 0px; font-variant: inherit; font-weight: inherit; font-stretch: inherit; line-height: inherit; font-family: inherit; vertical-align: baseline; outline: none !important;\">Король Іспанії Філіп і королева Летиція</em></p>\r\n<p style=\"box-sizing: border-box; margin: 20px 0px; padding: 0px; border: 0px; font-variant-numeric: inherit; font-variant-east-asian: inherit; font-stretch: inherit; line-height: 24px; font-family: PTSans-Regular, sans-serif; font-size: 18px; vertical-align: baseline; color: #000000; outline: none !important;\"><img id=\"\" dir=\"\" lang=\"\" style=\"box-sizing: border-box; margin: 0px; padding: 0px; border: 0px; font-style: inherit; font-variant: inherit; font-weight: inherit; font-stretch: inherit; line-height: inherit; font-family: inherit; vertical-align: baseline; max-width: 100%; outline: none !important; height: auto !important;\" title=\"\" src=\"https://www.depo.ua/uploads/posts/20191022/754x/zNIykYw9YsZdoEjo85LbBU1iAqziQGfd3k36M3Vq.jpeg\" alt=\"\" width=\"700\" height=\"466\" longdesc=\"https://www.depo.ua/ukr/politics/yak-zelenskiy-iz-korolyami-ta-korolevami-vitali-novogo-imperatora-yaponii-201910221049256\" /></p>\r\n<p style=\"box-sizing: border-box; margin: 20px 0px; padding: 0px; border: 0px; font-variant-numeric: inherit; font-variant-east-asian: inherit; font-stretch: inherit; line-height: 24px; font-family: PTSans-Regular, sans-serif; font-size: 18px; vertical-align: baseline; color: #000000; outline: none !important;\"><em style=\"box-sizing: border-box; margin: 0px; padding: 0px; border: 0px; font-variant: inherit; font-weight: inherit; font-stretch: inherit; line-height: inherit; font-family: inherit; vertical-align: baseline; outline: none !important;\">Президент Німеччини Франк-Вальтер Штайнмайєр із дружиною</em></p>\r\n<p style=\"box-sizing: border-box; margin: 20px 0px; padding: 0px; border: 0px; font-variant-numeric: inherit; font-variant-east-asian: inherit; font-stretch: inherit; line-height: 24px; font-family: PTSans-Regular, sans-serif; font-size: 18px; vertical-align: baseline; color: #000000; outline: none !important;\"><img id=\"\" dir=\"\" lang=\"\" style=\"box-sizing: border-box; margin: 0px; padding: 0px; border: 0px; font-style: inherit; font-variant: inherit; font-weight: inherit; font-stretch: inherit; line-height: inherit; font-family: inherit; vertical-align: baseline; max-width: 100%; outline: none !important; height: auto !important;\" title=\"\" src=\"https://www.depo.ua/uploads/posts/20191022/754x/LxqJIJSXKg9RkkIkkdlSiDpY7xwetDIv0koWi5GS.jpeg\" alt=\"\" width=\"700\" height=\"466\" longdesc=\"https://www.depo.ua/ukr/politics/yak-zelenskiy-iz-korolyami-ta-korolevami-vitali-novogo-imperatora-yaponii-201910221049256\" /></p>\r\n<p style=\"box-sizing: border-box; margin: 20px 0px; padding: 0px; border: 0px; font-variant-numeric: inherit; font-variant-east-asian: inherit; font-stretch: inherit; line-height: 24px; font-family: PTSans-Regular, sans-serif; font-size: 18px; vertical-align: baseline; color: #000000; outline: none !important;\"><em style=\"box-sizing: border-box; margin: 0px; padding: 0px; border: 0px; font-variant: inherit; font-weight: inherit; font-stretch: inherit; line-height: inherit; font-family: inherit; vertical-align: baseline; outline: none !important;\">Король Філіп та королева Матільда з Бельгії</em></p>\r\n<p style=\"box-sizing: border-box; margin: 20px 0px; padding: 0px; border: 0px; font-variant-numeric: inherit; font-variant-east-asian: inherit; font-stretch: inherit; line-height: 24px; font-family: PTSans-Regular, sans-serif; font-size: 18px; vertical-align: baseline; color: #000000; outline: none !important;\">&nbsp;</p>\r\n<p style=\"box-sizing: border-box; margin: 20px 0px; padding: 0px; border: 0px; font-variant-numeric: inherit; font-variant-east-asian: inherit; font-stretch: inherit; line-height: 24px; font-family: PTSans-Regular, sans-serif; font-size: 18px; vertical-align: baseline; color: #000000; outline: none !important;\"><em style=\"box-sizing: border-box; margin: 0px; padding: 0px; border: 0px; font-variant: inherit; font-weight: inherit; font-stretch: inherit; line-height: inherit; font-family: inherit; vertical-align: baseline; outline: none !important;\">Малайзійський султан Паханга з дружиною</em><img id=\"\" dir=\"\" lang=\"\" style=\"box-sizing: border-box; margin: 0px; padding: 0px; border: 0px; font-style: inherit; font-variant: inherit; font-weight: inherit; font-stretch: inherit; line-height: inherit; font-family: inherit; vertical-align: baseline; max-width: 100%; outline: none !important; height: auto !important;\" title=\"\" src=\"https://www.depo.ua/uploads/posts/20191022/754x/xO8dyesTM08XuUn2j415hb13lWFzjRFNs73XCxvo.jpeg\" alt=\"\" width=\"700\" height=\"466\" longdesc=\"https://www.depo.ua/ukr/politics/yak-zelenskiy-iz-korolyami-ta-korolevami-vitali-novogo-imperatora-yaponii-201910221049256\" /></p>', 'posts\\October2019\\WJDVnqkV4LR9ePowDOLw.png', 'gejshi-i-koroli-yak-zelens-kij-zi-shtajnmajyerom-vitali-novogo-imperatora-yaponiyi', NULL, NULL, 'PUBLISHED', 1, '2019-10-22 08:55:41', '2019-10-22 08:59:21'),
(6, 1, 1, 'Слідчі поліції АРК оголосили підозру \"судді\" за вирок Умерову', NULL, 'Під процесуальним керівництвом прокуратури автономії повідомлено про підозру \"судді\" незаконно створеного \"Симферопольского районного суда Республики Крым\"', '<div class=\"openPost-content\" style=\"box-sizing: border-box; margin: 0px; padding: 0px; border: 0px; font-variant-numeric: inherit; font-variant-east-asian: inherit; font-stretch: inherit; line-height: inherit; font-family: PTSans-Regular, sans-serif; font-size: 16px; vertical-align: baseline; position: relative; color: #000000; outline: none !important;\">\r\n<p style=\"box-sizing: border-box; outline: none !important; margin: 20px 0px; padding: 0px; border: 0px; font-style: inherit; font-variant: inherit; font-weight: inherit; font-stretch: inherit; line-height: 24px; font-family: inherit; font-size: 18px; vertical-align: baseline;\">Про це повідомляє&nbsp;<a style=\"box-sizing: border-box; margin: 0px; padding: 0px; border: 0px; font-style: inherit; font-variant: inherit; font-weight: inherit; font-stretch: inherit; line-height: inherit; font-family: inherit; vertical-align: baseline; color: #ff6a00; text-decoration-line: none; cursor: pointer; outline: none !important;\" href=\"https://krym.depo.ua/\">Depo.Крим</a>&nbsp;з посиланням на пресслужбу прокуратури АРК.</p>\r\n<p style=\"box-sizing: border-box; outline: none !important; margin: 20px 0px; padding: 0px; border: 0px; font-style: inherit; font-variant: inherit; font-weight: inherit; font-stretch: inherit; line-height: 24px; font-family: inherit; font-size: 18px; vertical-align: baseline;\">Під процесуальним керівництвом прокуратури АР Крим слідчими СВ ГУНП в АР Крим та м. Севастополі повідомлено про підозру \"судді\" незаконно створеного \"Симферопольского районного суда Республики Крым\" за ст. 438 КК України, а саме порушення законів та звичаїв війни, що передбачені міжнародними договорами, згода на обов\'язковість яких надана Верховною Радою України.</p>\r\n<p style=\"box-sizing: border-box; outline: none !important; margin: 20px 0px; padding: 0px; border: 0px; font-style: inherit; font-variant: inherit; font-weight: inherit; font-stretch: inherit; line-height: 24px; font-family: inherit; font-size: 18px; vertical-align: baseline;\">Під час досудового розслідування здобуто докази причетності \"судді\" до порушення права на справедливий і офіційний судовий процес, передбаченого ст. 147 Конвенції про захист цивільного населення під час війни 1949 року та ч. 4 ст. 75 Протоколу І до Женевських конвенцій 1949 року щодо проукраїнського активіста за його виступ у прямому ефірі на одному з телеканалів.</p>\r\n<p style=\"box-sizing: border-box; outline: none !important; margin: 20px 0px; padding: 0px; border: 0px; font-style: inherit; font-variant: inherit; font-weight: inherit; font-stretch: inherit; line-height: 24px; font-family: inherit; font-size: 18px; vertical-align: baseline;\">Під час виступу активіст висловив позицію щодо необхідності повернення Україні територій АР Крим, Донецької та Луганської областей. У травні-вересні 2017 року зазначений \"суддя\", розглядаючи матеріали кримінальної справи, порушив право обвинуваченого використати всі необхідні права і засоби захисту.</p>\r\n<p style=\"box-sizing: border-box; outline: none !important; margin: 20px 0px; padding: 0px; border: 0px; font-style: inherit; font-variant: inherit; font-weight: inherit; font-stretch: inherit; line-height: 24px; font-family: inherit; font-size: 18px; vertical-align: baseline;\">В результаті 27 вересня 2017 року він виніс \"вирок\", відповідно до якого визнав активіста винним у вчиненні кримінального правопорушення, передбаченого ч. 2 ст. 280.1 КК Росії (публічні заклики до здійснення дій, спрямованих на порушення територіальної цілісності Росії).</p>\r\n<p style=\"box-sizing: border-box; outline: none !important; margin: 20px 0px; padding: 0px; border: 0px; font-style: inherit; font-variant: inherit; font-weight: inherit; font-stretch: inherit; line-height: 24px; font-family: inherit; font-size: 18px; vertical-align: baseline;\">Йдеться про вирок заступнику голови Меджлісу кримськотатарського народу Ільмі Умерову.</p>\r\n<p style=\"box-sizing: border-box; outline: none !important; margin: 20px 0px; padding: 0px; border: 0px; font-style: inherit; font-variant: inherit; font-weight: inherit; font-stretch: inherit; line-height: 24px; font-family: inherit; font-size: 18px; vertical-align: baseline;\">Нагадаємо, кримськотатарський активіст заявив, що на території&nbsp;<a style=\"box-sizing: border-box; margin: 0px; padding: 0px; border: 0px; font-style: inherit; font-variant: inherit; font-weight: inherit; font-stretch: inherit; line-height: inherit; font-family: inherit; vertical-align: baseline; color: #ff6a00; text-decoration-line: none; cursor: pointer; outline: none !important;\" href=\"https://www.depo.ua/ukr/life/umerov-nazvav-kilkist-zatrimanih-rosiyeyu-v-okupovanomu-krimu-politv-yazniv-20190215917201\">анексованого Криму</a>&nbsp;не припиняються репресії щодо нелояльних до російської влади громадян.</p>\r\n</div>\r\n<div class=\"openPost-more\" style=\"box-sizing: border-box; margin: 25px 0px 10px; padding: 0px; border: 0px; font-variant-numeric: inherit; font-variant-east-asian: inherit; font-stretch: inherit; line-height: inherit; font-family: PTSans-Regular, sans-serif; font-size: 16px; vertical-align: baseline; color: #000000; outline: none !important;\">\r\n<p style=\"box-sizing: border-box; margin: 0px; padding: 0px; border: 0px; font-style: italic; font-variant: inherit; font-stretch: inherit; line-height: 28px; font-family: \'PT sans\'; font-size: 19px; vertical-align: baseline; outline: none !important;\">Більше новин про події у світі читайте на&nbsp;<a style=\"box-sizing: border-box; margin: 0px; padding: 0px; border: 0px; font-variant: inherit; font-stretch: inherit; line-height: 28px; vertical-align: baseline; color: #ff6a00; display: inline-block; text-decoration-line: none; outline: none !important;\" href=\"https://krym.depo.ua/\">Depo.Крим</a></p>\r\n</div>\r\n<div class=\"openPost-follow\" style=\"box-sizing: border-box; margin: 20px 0px 10px; padding: 0px; border: 0px; font-variant-numeric: inherit; font-variant-east-asian: inherit; font-stretch: inherit; line-height: inherit; font-family: PTSans-Regular, sans-serif; font-size: 16px; vertical-align: baseline; color: #000000; outline: none !important;\">\r\n<p style=\"box-sizing: border-box; margin: 0px; padding: 0px; border: 0px; font-style: italic; font-variant: inherit; font-stretch: inherit; line-height: 28px; font-family: \'PT sans\'; font-size: 19px; vertical-align: baseline; outline: none !important;\">Слідкуйте за новинами у&nbsp;<a style=\"box-sizing: border-box; margin: 0px; padding: 0px; border: 0px; font-variant: inherit; font-stretch: inherit; line-height: 28px; vertical-align: baseline; color: #ff6a00; display: inline-block; text-decoration-line: none; outline: none !important;\" href=\"https://t.me/depoua\" target=\"_blank\" rel=\"noopener\">Телеграм</a></p>\r\n<p style=\"box-sizing: border-box; margin: 0px; padding: 0px; border: 0px; font-style: italic; font-variant: inherit; font-stretch: inherit; line-height: 28px; font-family: \'PT sans\'; font-size: 19px; vertical-align: baseline; outline: none !important;\">Підписуйтеся на нашу сторінку у&nbsp;<a style=\"box-sizing: border-box; margin: 0px; padding: 0px; border: 0px; font-variant: inherit; font-stretch: inherit; line-height: 28px; vertical-align: baseline; color: #ff6a00; display: inline-block; text-decoration-line: none; outline: none !important;\" href=\"https://www.facebook.com/depoua\" target=\"_blank\" rel=\"noopener\">Facebook</a></p>\r\n</div>', 'posts\\October2019\\XoESjWnPgHO2wouOf9l6.jpg', 'slidchi-policiyi-ark-ogolosili-pidozru-suddi-za-virok-umerovu', NULL, NULL, 'PUBLISHED', 1, '2019-10-22 09:04:27', '2019-10-22 09:04:27'),
(7, 1, 1, 'В Україні змінили процедуру отримання посвідчення водія', NULL, 'В Україні набула чинності постанова Кабміну, згідно з якою змінились процедури видачі посвідчень водія, підготовки водіїв та акредитації автошкіл', '<div class=\"openPost-content\" style=\"box-sizing: border-box; margin: 0px; padding: 0px; border: 0px; font-variant-numeric: inherit; font-variant-east-asian: inherit; font-stretch: inherit; line-height: inherit; font-family: PTSans-Regular, sans-serif; font-size: 16px; vertical-align: baseline; position: relative; color: #000000; outline: none !important;\">\r\n<p style=\"box-sizing: border-box; outline: none !important; margin: 20px 0px; padding: 0px; border: 0px; font-style: inherit; font-variant: inherit; font-weight: inherit; font-stretch: inherit; line-height: 24px; font-family: inherit; font-size: 18px; vertical-align: baseline;\">Про це інформує&nbsp;<a style=\"box-sizing: border-box; margin: 0px; padding: 0px; border: 0px; font-style: inherit; font-variant: inherit; font-weight: inherit; font-stretch: inherit; line-height: inherit; font-family: inherit; vertical-align: baseline; color: #ff6a00; text-decoration-line: none; cursor: pointer; outline: none !important;\" href=\"https://www.depo.ua/\">Depo.ua</a>&nbsp;з посиланням на&nbsp;<a style=\"box-sizing: border-box; margin: 0px; padding: 0px; border: 0px; font-style: inherit; font-variant: inherit; font-weight: inherit; font-stretch: inherit; line-height: inherit; font-family: inherit; vertical-align: baseline; color: #ff6a00; text-decoration-line: none; cursor: pointer; outline: none !important;\" href=\"http://hsc.gov.ua/2019/10/22/zminilis-protseduri-vidachi-posvidchen-vodiya-pidgotovki-vodiyiv-ta-akreditatsiyi-avtoshkil/?fbclid=IwAR1qBb9nCed22U923W32q9lTxlPf6hkzgiaW_TklK-KhYRjYxH3Npv7RV0I\" target=\"_blank\" rel=\"noopener\">пресслужбу</a>&nbsp;Головного сервісного центру МВС.</p>\r\n<p style=\"box-sizing: border-box; outline: none !important; margin: 20px 0px; padding: 0px; border: 0px; font-style: inherit; font-variant: inherit; font-weight: inherit; font-stretch: inherit; line-height: 24px; font-family: inherit; font-size: 18px; vertical-align: baseline;\">Серед основних нововведень, які стосуються процедури підготовки водіїв: допускається індивідуальний порядок підготовки, перепідготовки та підвищення кваліфікації водіїв; практичний іспит складають у територіальному центрі МВС, в якому успішно складено теоретичний іспит.</p>\r\n<p style=\"box-sizing: border-box; outline: none !important; margin: 20px 0px; padding: 0px; border: 0px; font-style: inherit; font-variant: inherit; font-weight: inherit; font-stretch: inherit; line-height: 24px; font-family: inherit; font-size: 18px; vertical-align: baseline;\">Також серед нововведень те, що термін дії свідоцтва про закінчення автошколи скорочено з 10 до 2-х років; з\'являється можливість застосування фото- та відеофіксації під час складання іспитів.</p>\r\n<p style=\"box-sizing: border-box; outline: none !important; margin: 20px 0px; padding: 0px; border: 0px; font-style: inherit; font-variant: inherit; font-weight: inherit; font-stretch: inherit; line-height: 24px; font-family: inherit; font-size: 18px; vertical-align: baseline;\">Водночас, свідоцтво про закінчення закладу з підготовки, перепідготовки й підвищення кваліфікації водіїв в паперовому вигляді випускникам автошкіл не видаватиметься &ndash;&nbsp;натомість воно в електронному вигляді вноситиметься закладом до Єдиного держреєстру МВС.</p>\r\n<p style=\"box-sizing: border-box; outline: none !important; margin: 20px 0px; padding: 0px; border: 0px; font-style: inherit; font-variant: inherit; font-weight: inherit; font-stretch: inherit; line-height: 24px; font-family: inherit; font-size: 18px; vertical-align: baseline;\">Окрім того, як зазначається, в процедурі взаємодії територіальних органів з надання сервісних послуг МВС із закладами з підготовки водіїв запроваджено електронний обмін інформацією.</p>\r\n<p style=\"box-sizing: border-box; outline: none !important; margin: 20px 0px; padding: 0px; border: 0px; font-style: inherit; font-variant: inherit; font-weight: inherit; font-stretch: inherit; line-height: 24px; font-family: inherit; font-size: 18px; vertical-align: baseline;\">Зокрема, викладачі та інструктори з водіння будуть зобов&rsquo;язані вносити у спеціальний електронний журнал інформацію про час проведення теоретичних та практичних занять, а також транспортний засіб, на якому здійснюватиметься практичне заняття.</p>\r\n<p style=\"box-sizing: border-box; outline: none !important; margin: 20px 0px; padding: 0px; border: 0px; font-style: inherit; font-variant: inherit; font-weight: inherit; font-stretch: inherit; line-height: 24px; font-family: inherit; font-size: 18px; vertical-align: baseline;\">У Головному сервісному центрі наголосили, що нововведення покликане покращити організацію навчального процесу та запровадити моніторинг за навчанням кожного слухача.</p>\r\n<p style=\"box-sizing: border-box; outline: none !important; margin: 20px 0px; padding: 0px; border: 0px; font-style: inherit; font-variant: inherit; font-weight: inherit; font-stretch: inherit; line-height: 24px; font-family: inherit; font-size: 18px; vertical-align: baseline;\">\"Нормативними змінами також передбачено, що всі випускники, які закінчили навчання з підготовки водіїв у закладах професійно-технічної освіти, допускаються до складання іспитів без додаткового навчання в автошколі\", &ndash;&nbsp;уточнюється у повідомленні.</p>\r\n<p style=\"box-sizing: border-box; outline: none !important; margin: 20px 0px; padding: 0px; border: 0px; font-style: inherit; font-variant: inherit; font-weight: inherit; font-stretch: inherit; line-height: 24px; font-family: inherit; font-size: 18px; vertical-align: baseline;\">Зазначається, що також змінилася процедура акредитації автошкіл.</p>\r\n<p style=\"box-sizing: border-box; outline: none !important; margin: 20px 0px; padding: 0px; border: 0px; font-style: inherit; font-variant: inherit; font-weight: inherit; font-stretch: inherit; line-height: 24px; font-family: inherit; font-size: 18px; vertical-align: baseline;\">Зокрема, відбулася передача функції акредитації закладів від Головного сервісного центру МВС до регіональних сервісних центрів МВС, що дало можливість скоротити час проходження цієї процедури, оскільки документи розглядатимуться за місцем розташування таких закладів.</p>\r\n<p style=\"box-sizing: border-box; outline: none !important; margin: 20px 0px; padding: 0px; border: 0px; font-style: inherit; font-variant: inherit; font-weight: inherit; font-stretch: inherit; line-height: 24px; font-family: inherit; font-size: 18px; vertical-align: baseline;\">Також учточнюється, що це дозволить суб&rsquo;єктам господарювання заощадити кошти на транспортних витратах.</p>\r\n<p style=\"box-sizing: border-box; outline: none !important; margin: 20px 0px; padding: 0px; border: 0px; font-style: inherit; font-variant: inherit; font-weight: inherit; font-stretch: inherit; line-height: 24px; font-family: inherit; font-size: 18px; vertical-align: baseline;\">\"Ураховуючи викладене, з 19 жовтня 2019 року: заяви про затвердження робочих програм і планів закладу подаються до РСЦ МВС (за місцезнаходженням закладу); заяви про проведення обстеження матеріально-технічної бази закладу подаються до ТСЦ МВС (за місцезнаходженням закладу); заяви та відповідні матеріали для проведення державної акредитації закладу подаються до РСЦ МВС (за місцезнаходженням закладу)\", &ndash;&nbsp;зазначається у повідомленні.</p>\r\n<p style=\"box-sizing: border-box; outline: none !important; margin: 20px 0px; padding: 0px; border: 0px; font-style: inherit; font-variant: inherit; font-weight: inherit; font-stretch: inherit; line-height: 24px; font-family: inherit; font-size: 18px; vertical-align: baseline;\">Постановою також передбачено, що сертифікати про державну акредитацію, видані після 5 липня 2016 року закладам, акредитованим Головним сервісним центром МВС, вважаються безстроковими, повідомляє пресслужба.</p>\r\n<p style=\"box-sizing: border-box; outline: none !important; margin: 20px 0px; padding: 0px; border: 0px; font-style: inherit; font-variant: inherit; font-weight: inherit; font-stretch: inherit; line-height: 24px; font-family: inherit; font-size: 18px; vertical-align: baseline;\">Постанова набрала чинності 19 жовтня.&nbsp;</p>\r\n<p style=\"box-sizing: border-box; outline: none !important; margin: 20px 0px; padding: 0px; border: 0px; font-style: inherit; font-variant: inherit; font-weight: inherit; font-stretch: inherit; line-height: 24px; font-family: inherit; font-size: 18px; vertical-align: baseline;\">Нагадаємо, 16 жовтня стало відомо, що&nbsp;<a style=\"box-sizing: border-box; margin: 0px; padding: 0px; border: 0px; font-style: inherit; font-variant: inherit; font-weight: inherit; font-stretch: inherit; line-height: inherit; font-family: inherit; vertical-align: baseline; color: #ff6a00; text-decoration-line: none; cursor: pointer; outline: none !important;\" href=\"https://www.depo.ua/ukr/svit/ukrainski-vodiyski-prava-viznae-velika-britaniya-ta-frantsiya-201910161046085\">Британія та Франція можуть визнати українські водійські посвідчення</a>.</p>\r\n</div>\r\n<div class=\"openPost-more\" style=\"box-sizing: border-box; margin: 25px 0px 10px; padding: 0px; border: 0px; font-variant-numeric: inherit; font-variant-east-asian: inherit; font-stretch: inherit; line-height: inherit; font-family: PTSans-Regular, sans-serif; font-size: 16px; vertical-align: baseline; color: #000000; outline: none !important;\">\r\n<p style=\"box-sizing: border-box; margin: 0px; padding: 0px; border: 0px; font-style: italic; font-variant: inherit; font-stretch: inherit; line-height: 28px; font-family: \'PT sans\'; font-size: 19px; vertical-align: baseline; outline: none !important;\">Більше новин про події у світі читайте на&nbsp;<a style=\"box-sizing: border-box; margin: 0px; padding: 0px; border: 0px; font-variant: inherit; font-stretch: inherit; line-height: 28px; vertical-align: baseline; color: #ff6a00; display: inline-block; text-decoration-line: none; outline: none !important;\" href=\"https://www.depo.ua/\">Depo.Головна</a></p>\r\n</div>\r\n<div class=\"openPost-follow\" style=\"box-sizing: border-box; margin: 20px 0px 10px; padding: 0px; border: 0px; font-variant-numeric: inherit; font-variant-east-asian: inherit; font-stretch: inherit; line-height: inherit; font-family: PTSans-Regular, sans-serif; font-size: 16px; vertical-align: baseline; color: #000000; outline: none !important;\">\r\n<p style=\"box-sizing: border-box; margin: 0px; padding: 0px; border: 0px; font-style: italic; font-variant: inherit; font-stretch: inherit; line-height: 28px; font-family: \'PT sans\'; font-size: 19px; vertical-align: baseline; outline: none !important;\">Слідкуйте за новинами у&nbsp;<a style=\"box-sizing: border-box; margin: 0px; padding: 0px; border: 0px; font-variant: inherit; font-stretch: inherit; line-height: 28px; vertical-align: baseline; color: #ff6a00; display: inline-block; text-decoration-line: none; outline: none !important;\" href=\"https://t.me/depoua\" target=\"_blank\" rel=\"noopener\">Телеграм</a></p>\r\n<p style=\"box-sizing: border-box; margin: 0px; padding: 0px; border: 0px; font-style: italic; font-variant: inherit; font-stretch: inherit; line-height: 28px; font-family: \'PT sans\'; font-size: 19px; vertical-align: baseline; outline: none !important;\">Підписуйтеся на нашу сторінку у&nbsp;<a style=\"box-sizing: border-box; margin: 0px; padding: 0px; border: 0px; font-variant: inherit; font-stretch: inherit; line-height: 28px; vertical-align: baseline; color: #ff6a00; display: inline-block; text-decoration-line: none; outline: none !important;\" href=\"https://www.facebook.com/depoua\" target=\"_blank\" rel=\"noopener\">Facebook</a></p>\r\n</div>', 'posts\\October2019\\O037WfySZEURmSuMhJh8.jpg', 'v-ukrayini-zminili-proceduru-otrimannya-posvidchennya-vodiya', NULL, 'TEST NEWS LOL KEK', 'PUBLISHED', 1, '2019-10-22 09:15:17', '2019-10-24 12:32:03'),
(9, 1, 1, 'В Україні змінили процедуру отримання посвідчення водія', NULL, 'В Україні набула чинності постанова Кабміну, згідно з якою змінились процедури видачі посвідчень водія, підготовки водіїв та акредитації автошкіл', '<div class=\"openPost-content\" style=\"box-sizing: border-box; margin: 0px; padding: 0px; border: 0px; font-variant-numeric: inherit; font-variant-east-asian: inherit; font-stretch: inherit; line-height: inherit; font-family: PTSans-Regular, sans-serif; font-size: 16px; vertical-align: baseline; position: relative; color: #000000; outline: none !important;\">\r\n<p style=\"box-sizing: border-box; outline: none !important; margin: 20px 0px; padding: 0px; border: 0px; font-style: inherit; font-variant: inherit; font-weight: inherit; font-stretch: inherit; line-height: 24px; font-family: inherit; font-size: 18px; vertical-align: baseline;\">Про це інформує&nbsp;<a style=\"box-sizing: border-box; margin: 0px; padding: 0px; border: 0px; font-style: inherit; font-variant: inherit; font-weight: inherit; font-stretch: inherit; line-height: inherit; font-family: inherit; vertical-align: baseline; color: #ff6a00; text-decoration-line: none; cursor: pointer; outline: none !important;\" href=\"https://www.depo.ua/\">Depo.ua</a>&nbsp;з посиланням на&nbsp;<a style=\"box-sizing: border-box; margin: 0px; padding: 0px; border: 0px; font-style: inherit; font-variant: inherit; font-weight: inherit; font-stretch: inherit; line-height: inherit; font-family: inherit; vertical-align: baseline; color: #ff6a00; text-decoration-line: none; cursor: pointer; outline: none !important;\" href=\"http://hsc.gov.ua/2019/10/22/zminilis-protseduri-vidachi-posvidchen-vodiya-pidgotovki-vodiyiv-ta-akreditatsiyi-avtoshkil/?fbclid=IwAR1qBb9nCed22U923W32q9lTxlPf6hkzgiaW_TklK-KhYRjYxH3Npv7RV0I\" target=\"_blank\" rel=\"noopener\">пресслужбу</a>&nbsp;Головного сервісного центру МВС.</p>\r\n<p style=\"box-sizing: border-box; outline: none !important; margin: 20px 0px; padding: 0px; border: 0px; font-style: inherit; font-variant: inherit; font-weight: inherit; font-stretch: inherit; line-height: 24px; font-family: inherit; font-size: 18px; vertical-align: baseline;\">Серед основних нововведень, які стосуються процедури підготовки водіїв: допускається індивідуальний порядок підготовки, перепідготовки та підвищення кваліфікації водіїв; практичний іспит складають у територіальному центрі МВС, в якому успішно складено теоретичний іспит.</p>\r\n<p style=\"box-sizing: border-box; outline: none !important; margin: 20px 0px; padding: 0px; border: 0px; font-style: inherit; font-variant: inherit; font-weight: inherit; font-stretch: inherit; line-height: 24px; font-family: inherit; font-size: 18px; vertical-align: baseline;\">Також серед нововведень те, що термін дії свідоцтва про закінчення автошколи скорочено з 10 до 2-х років; з\'являється можливість застосування фото- та відеофіксації під час складання іспитів.</p>\r\n<p style=\"box-sizing: border-box; outline: none !important; margin: 20px 0px; padding: 0px; border: 0px; font-style: inherit; font-variant: inherit; font-weight: inherit; font-stretch: inherit; line-height: 24px; font-family: inherit; font-size: 18px; vertical-align: baseline;\">Водночас, свідоцтво про закінчення закладу з підготовки, перепідготовки й підвищення кваліфікації водіїв в паперовому вигляді випускникам автошкіл не видаватиметься &ndash;&nbsp;натомість воно в електронному вигляді вноситиметься закладом до Єдиного держреєстру МВС.</p>\r\n<p style=\"box-sizing: border-box; outline: none !important; margin: 20px 0px; padding: 0px; border: 0px; font-style: inherit; font-variant: inherit; font-weight: inherit; font-stretch: inherit; line-height: 24px; font-family: inherit; font-size: 18px; vertical-align: baseline;\">Окрім того, як зазначається, в процедурі взаємодії територіальних органів з надання сервісних послуг МВС із закладами з підготовки водіїв запроваджено електронний обмін інформацією.</p>\r\n<p style=\"box-sizing: border-box; outline: none !important; margin: 20px 0px; padding: 0px; border: 0px; font-style: inherit; font-variant: inherit; font-weight: inherit; font-stretch: inherit; line-height: 24px; font-family: inherit; font-size: 18px; vertical-align: baseline;\">Зокрема, викладачі та інструктори з водіння будуть зобов&rsquo;язані вносити у спеціальний електронний журнал інформацію про час проведення теоретичних та практичних занять, а також транспортний засіб, на якому здійснюватиметься практичне заняття.</p>\r\n<p style=\"box-sizing: border-box; outline: none !important; margin: 20px 0px; padding: 0px; border: 0px; font-style: inherit; font-variant: inherit; font-weight: inherit; font-stretch: inherit; line-height: 24px; font-family: inherit; font-size: 18px; vertical-align: baseline;\">У Головному сервісному центрі наголосили, що нововведення покликане покращити організацію навчального процесу та запровадити моніторинг за навчанням кожного слухача.</p>\r\n<p style=\"box-sizing: border-box; outline: none !important; margin: 20px 0px; padding: 0px; border: 0px; font-style: inherit; font-variant: inherit; font-weight: inherit; font-stretch: inherit; line-height: 24px; font-family: inherit; font-size: 18px; vertical-align: baseline;\">\"Нормативними змінами також передбачено, що всі випускники, які закінчили навчання з підготовки водіїв у закладах професійно-технічної освіти, допускаються до складання іспитів без додаткового навчання в автошколі\", &ndash;&nbsp;уточнюється у повідомленні.</p>\r\n<p style=\"box-sizing: border-box; outline: none !important; margin: 20px 0px; padding: 0px; border: 0px; font-style: inherit; font-variant: inherit; font-weight: inherit; font-stretch: inherit; line-height: 24px; font-family: inherit; font-size: 18px; vertical-align: baseline;\">Зазначається, що також змінилася процедура акредитації автошкіл.</p>\r\n<p style=\"box-sizing: border-box; outline: none !important; margin: 20px 0px; padding: 0px; border: 0px; font-style: inherit; font-variant: inherit; font-weight: inherit; font-stretch: inherit; line-height: 24px; font-family: inherit; font-size: 18px; vertical-align: baseline;\">Зокрема, відбулася передача функції акредитації закладів від Головного сервісного центру МВС до регіональних сервісних центрів МВС, що дало можливість скоротити час проходження цієї процедури, оскільки документи розглядатимуться за місцем розташування таких закладів.</p>\r\n<p style=\"box-sizing: border-box; outline: none !important; margin: 20px 0px; padding: 0px; border: 0px; font-style: inherit; font-variant: inherit; font-weight: inherit; font-stretch: inherit; line-height: 24px; font-family: inherit; font-size: 18px; vertical-align: baseline;\">Також учточнюється, що це дозволить суб&rsquo;єктам господарювання заощадити кошти на транспортних витратах.</p>\r\n<p style=\"box-sizing: border-box; outline: none !important; margin: 20px 0px; padding: 0px; border: 0px; font-style: inherit; font-variant: inherit; font-weight: inherit; font-stretch: inherit; line-height: 24px; font-family: inherit; font-size: 18px; vertical-align: baseline;\">\"Ураховуючи викладене, з 19 жовтня 2019 року: заяви про затвердження робочих програм і планів закладу подаються до РСЦ МВС (за місцезнаходженням закладу); заяви про проведення обстеження матеріально-технічної бази закладу подаються до ТСЦ МВС (за місцезнаходженням закладу); заяви та відповідні матеріали для проведення державної акредитації закладу подаються до РСЦ МВС (за місцезнаходженням закладу)\", &ndash;&nbsp;зазначається у повідомленні.</p>\r\n<p style=\"box-sizing: border-box; outline: none !important; margin: 20px 0px; padding: 0px; border: 0px; font-style: inherit; font-variant: inherit; font-weight: inherit; font-stretch: inherit; line-height: 24px; font-family: inherit; font-size: 18px; vertical-align: baseline;\">Постановою також передбачено, що сертифікати про державну акредитацію, видані після 5 липня 2016 року закладам, акредитованим Головним сервісним центром МВС, вважаються безстроковими, повідомляє пресслужба.</p>\r\n<p style=\"box-sizing: border-box; outline: none !important; margin: 20px 0px; padding: 0px; border: 0px; font-style: inherit; font-variant: inherit; font-weight: inherit; font-stretch: inherit; line-height: 24px; font-family: inherit; font-size: 18px; vertical-align: baseline;\">Постанова набрала чинності 19 жовтня.&nbsp;</p>\r\n<p style=\"box-sizing: border-box; outline: none !important; margin: 20px 0px; padding: 0px; border: 0px; font-style: inherit; font-variant: inherit; font-weight: inherit; font-stretch: inherit; line-height: 24px; font-family: inherit; font-size: 18px; vertical-align: baseline;\">Нагадаємо, 16 жовтня стало відомо, що&nbsp;<a style=\"box-sizing: border-box; margin: 0px; padding: 0px; border: 0px; font-style: inherit; font-variant: inherit; font-weight: inherit; font-stretch: inherit; line-height: inherit; font-family: inherit; vertical-align: baseline; color: #ff6a00; text-decoration-line: none; cursor: pointer; outline: none !important;\" href=\"https://www.depo.ua/ukr/svit/ukrainski-vodiyski-prava-viznae-velika-britaniya-ta-frantsiya-201910161046085\">Британія та Франція можуть визнати українські водійські посвідчення</a>.</p>\r\n</div>\r\n<div class=\"openPost-more\" style=\"box-sizing: border-box; margin: 25px 0px 10px; padding: 0px; border: 0px; font-variant-numeric: inherit; font-variant-east-asian: inherit; font-stretch: inherit; line-height: inherit; font-family: PTSans-Regular, sans-serif; font-size: 16px; vertical-align: baseline; color: #000000; outline: none !important;\">\r\n<p style=\"box-sizing: border-box; margin: 0px; padding: 0px; border: 0px; font-style: italic; font-variant: inherit; font-stretch: inherit; line-height: 28px; font-family: \'PT sans\'; font-size: 19px; vertical-align: baseline; outline: none !important;\">Більше новин про події у світі читайте на&nbsp;<a style=\"box-sizing: border-box; margin: 0px; padding: 0px; border: 0px; font-variant: inherit; font-stretch: inherit; line-height: 28px; vertical-align: baseline; color: #ff6a00; display: inline-block; text-decoration-line: none; outline: none !important;\" href=\"https://www.depo.ua/\">Depo.Головна</a></p>\r\n</div>\r\n<div class=\"openPost-follow\" style=\"box-sizing: border-box; margin: 20px 0px 10px; padding: 0px; border: 0px; font-variant-numeric: inherit; font-variant-east-asian: inherit; font-stretch: inherit; line-height: inherit; font-family: PTSans-Regular, sans-serif; font-size: 16px; vertical-align: baseline; color: #000000; outline: none !important;\">\r\n<p style=\"box-sizing: border-box; margin: 0px; padding: 0px; border: 0px; font-style: italic; font-variant: inherit; font-stretch: inherit; line-height: 28px; font-family: \'PT sans\'; font-size: 19px; vertical-align: baseline; outline: none !important;\">Слідкуйте за новинами у&nbsp;<a style=\"box-sizing: border-box; margin: 0px; padding: 0px; border: 0px; font-variant: inherit; font-stretch: inherit; line-height: 28px; vertical-align: baseline; color: #ff6a00; display: inline-block; text-decoration-line: none; outline: none !important;\" href=\"https://t.me/depoua\" target=\"_blank\" rel=\"noopener\">Телеграм</a></p>\r\n<p style=\"box-sizing: border-box; margin: 0px; padding: 0px; border: 0px; font-style: italic; font-variant: inherit; font-stretch: inherit; line-height: 28px; font-family: \'PT sans\'; font-size: 19px; vertical-align: baseline; outline: none !important;\">Підписуйтеся на нашу сторінку у&nbsp;<a style=\"box-sizing: border-box; margin: 0px; padding: 0px; border: 0px; font-variant: inherit; font-stretch: inherit; line-height: 28px; vertical-align: baseline; color: #ff6a00; display: inline-block; text-decoration-line: none; outline: none !important;\" href=\"https://www.facebook.com/depoua\" target=\"_blank\" rel=\"noopener\">Facebook</a></p>\r\n</div>', 'posts\\October2019\\O037WfySZEURmSuMhJh8.jpg', 'v-ukrayini-zminili-proceduru-otrimannya-posvidchennya-vodiy', NULL, NULL, 'PUBLISHED', 1, '2019-10-22 09:15:17', '2019-10-22 09:15:17');
INSERT INTO `posts` (`id`, `author_id`, `category_id`, `title`, `seo_title`, `excerpt`, `body`, `image`, `slug`, `meta_description`, `meta_keywords`, `status`, `featured`, `created_at`, `updated_at`) VALUES
(10, 1, 1, 'Гейші і королі: Як Зеленський зі Штайнмайєром вітали нового імператора Японії', NULL, 'На церемонію інтронізації нового японського імператора Нарухіто з\'їхалися лідери близько 200 країн, серед яких – президент України Володимир Зеленський з дружиною', '<p style=\"box-sizing: border-box; margin: 20px 0px; padding: 0px; border: 0px; font-variant-numeric: inherit; font-variant-east-asian: inherit; font-stretch: inherit; line-height: 24px; font-family: PTSans-Regular, sans-serif; font-size: 18px; vertical-align: baseline; color: #000000; outline: none !important;\">Дійство відбулося&nbsp;в найпочеснішому \"Сосновому залі\" імператорського палацу, що знаходиться в Токіо.&nbsp;</p>\r\n<p style=\"box-sizing: border-box; margin: 20px 0px; padding: 0px; border: 0px; font-variant-numeric: inherit; font-variant-east-asian: inherit; font-stretch: inherit; line-height: 24px; font-family: PTSans-Regular, sans-serif; font-size: 18px; vertical-align: baseline; color: #000000; outline: none !important;\">Нарухіто &ndash;&nbsp;<a style=\"box-sizing: border-box; margin: 0px; padding: 0px; border: 0px; font-style: inherit; font-variant: inherit; font-weight: inherit; font-stretch: inherit; line-height: inherit; font-family: inherit; vertical-align: baseline; color: #ff6a00; text-decoration-line: none; cursor: pointer; outline: none !important;\" href=\"https://www.depo.ua/ukr/politics/yaponiya-otrimala-novogo-imperatora-shcho-vidomo-pro-narukhito-201910221049074\">старший син імператора Акіхіто і наслідний принц Японії</a>, якого було оголошено імператором 1 травня 2019 року.</p>\r\n<p style=\"box-sizing: border-box; margin: 20px 0px; padding: 0px; border: 0px; font-variant-numeric: inherit; font-variant-east-asian: inherit; font-stretch: inherit; line-height: 24px; font-family: PTSans-Regular, sans-serif; font-size: 18px; vertical-align: baseline; color: #000000; outline: none !important;\">Попередній раз японський&nbsp;імператор зійшов на трон 30 років тому &ndash;&nbsp;себто, Зеленський став першим президентом України, який побував на церемонії.&nbsp;</p>\r\n<p style=\"box-sizing: border-box; margin: 20px 0px; padding: 0px; border: 0px; font-variant-numeric: inherit; font-variant-east-asian: inherit; font-stretch: inherit; line-height: 24px; font-family: PTSans-Regular, sans-serif; font-size: 18px; vertical-align: baseline; color: #000000; outline: none !important;\">\"Проведення стародавнього обряду в сучасній Японії є прикладом того, як в одній державі можуть співіснувати і глибока повага до традицій, і впровадження новітніх високих технологій для поліпшення життя кожної людини\", &ndash; цитують Зеленського в офіційному telegram-каналі Офісу президента.&nbsp;</p>\r\n<p style=\"box-sizing: border-box; margin: 20px 0px; padding: 0px; border: 0px; font-variant-numeric: inherit; font-variant-east-asian: inherit; font-stretch: inherit; line-height: 24px; font-family: PTSans-Regular, sans-serif; font-size: 18px; vertical-align: baseline; color: #000000; outline: none !important;\"><a style=\"box-sizing: border-box; margin: 0px; padding: 0px; border: 0px; font-style: inherit; font-variant: inherit; font-weight: inherit; font-stretch: inherit; line-height: inherit; font-family: inherit; vertical-align: baseline; color: #ff6a00; text-decoration-line: none; cursor: pointer; outline: none !important;\" href=\"https://www.depo.ua/\">Depo.ua</a>&nbsp;зібрав яскраві світлини з церемонії.&nbsp;</p>\r\n<p style=\"box-sizing: border-box; margin: 20px 0px; padding: 0px; border: 0px; font-variant-numeric: inherit; font-variant-east-asian: inherit; font-stretch: inherit; line-height: 24px; font-family: PTSans-Regular, sans-serif; font-size: 18px; vertical-align: baseline; color: #000000; outline: none !important;\"><img id=\"\" dir=\"\" lang=\"\" style=\"box-sizing: border-box; margin: 0px; padding: 0px; border: 0px; font-style: inherit; font-variant: inherit; font-weight: inherit; font-stretch: inherit; line-height: inherit; font-family: inherit; vertical-align: baseline; max-width: 100%; outline: none !important; height: auto !important;\" title=\"\" src=\"https://www.depo.ua/uploads/posts/20191022/754x/eUJya4xctZyIoMSpTQv7cqabNupRAqBPx7YVPMv1.png\" alt=\"\" width=\"779\" height=\"538\" longdesc=\"https://www.depo.ua/ukr/politics/yak-zelenskiy-iz-korolyami-ta-korolevami-vitali-novogo-imperatora-yaponii-201910221049256\" /></p>\r\n<p style=\"box-sizing: border-box; margin: 20px 0px; padding: 0px; border: 0px; font-variant-numeric: inherit; font-variant-east-asian: inherit; font-stretch: inherit; line-height: 24px; font-family: PTSans-Regular, sans-serif; font-size: 18px; vertical-align: baseline; color: #000000; outline: none !important;\"><img id=\"\" dir=\"\" lang=\"\" style=\"box-sizing: border-box; margin: 0px; padding: 0px; border: 0px; font-style: inherit; font-variant: inherit; font-weight: inherit; font-stretch: inherit; line-height: inherit; font-family: inherit; vertical-align: baseline; max-width: 100%; outline: none !important; height: auto !important;\" title=\"\" src=\"https://www.depo.ua/uploads/posts/20191022/754x/UO1MLNhvcaaBigGi7j1gxloHbuUnOPtpgi2KmTFF.jpeg\" alt=\"\" width=\"700\" height=\"623\" longdesc=\"https://www.depo.ua/ukr/politics/yak-zelenskiy-iz-korolyami-ta-korolevami-vitali-novogo-imperatora-yaponii-201910221049256\" /></p>\r\n<p style=\"box-sizing: border-box; margin: 20px 0px; padding: 0px; border: 0px; font-variant-numeric: inherit; font-variant-east-asian: inherit; font-stretch: inherit; line-height: 24px; font-family: PTSans-Regular, sans-serif; font-size: 18px; vertical-align: baseline; color: #000000; outline: none !important;\"><em style=\"box-sizing: border-box; margin: 0px; padding: 0px; border: 0px; font-variant: inherit; font-weight: inherit; font-stretch: inherit; line-height: inherit; font-family: inherit; vertical-align: baseline; outline: none !important;\">Принц Чарльз та принцеса Мері з Данії</em></p>\r\n<p style=\"box-sizing: border-box; margin: 20px 0px; padding: 0px; border: 0px; font-variant-numeric: inherit; font-variant-east-asian: inherit; font-stretch: inherit; line-height: 24px; font-family: PTSans-Regular, sans-serif; font-size: 18px; vertical-align: baseline; color: #000000; outline: none !important;\"><img id=\"\" dir=\"\" lang=\"\" style=\"box-sizing: border-box; margin: 0px; padding: 0px; border: 0px; font-style: inherit; font-variant: inherit; font-weight: inherit; font-stretch: inherit; line-height: inherit; font-family: inherit; vertical-align: baseline; max-width: 100%; outline: none !important; height: auto !important;\" title=\"\" src=\"https://www.depo.ua/uploads/posts/20191022/754x/zkFjIdiXFK7zAx31f9A0O15R7QAi6OhHJnRp5jgA.jpeg\" alt=\"\" width=\"700\" height=\"466\" longdesc=\"https://www.depo.ua/ukr/politics/yak-zelenskiy-iz-korolyami-ta-korolevami-vitali-novogo-imperatora-yaponii-201910221049256\" /></p>\r\n<p style=\"box-sizing: border-box; margin: 20px 0px; padding: 0px; border: 0px; font-variant-numeric: inherit; font-variant-east-asian: inherit; font-stretch: inherit; line-height: 24px; font-family: PTSans-Regular, sans-serif; font-size: 18px; vertical-align: baseline; color: #000000; outline: none !important;\"><img id=\"\" dir=\"\" lang=\"\" style=\"box-sizing: border-box; margin: 0px; padding: 0px; border: 0px; font-style: inherit; font-variant: inherit; font-weight: inherit; font-stretch: inherit; line-height: inherit; font-family: inherit; vertical-align: baseline; max-width: 100%; outline: none !important; height: auto !important;\" title=\"\" src=\"https://www.depo.ua/uploads/posts/20191022/754x/T1VAc5FaWAaHTXfHBlKVF5vYcHt8pEsguCfmPDo5.jpeg\" alt=\"\" width=\"700\" height=\"466\" longdesc=\"https://www.depo.ua/ukr/politics/yak-zelenskiy-iz-korolyami-ta-korolevami-vitali-novogo-imperatora-yaponii-201910221049256\" /></p>\r\n<p style=\"box-sizing: border-box; margin: 20px 0px; padding: 0px; border: 0px; font-variant-numeric: inherit; font-variant-east-asian: inherit; font-stretch: inherit; line-height: 24px; font-family: PTSans-Regular, sans-serif; font-size: 18px; vertical-align: baseline; color: #000000; outline: none !important;\"><img id=\"\" dir=\"\" lang=\"\" style=\"box-sizing: border-box; margin: 0px; padding: 0px; border: 0px; font-style: inherit; font-variant: inherit; font-weight: inherit; font-stretch: inherit; line-height: inherit; font-family: inherit; vertical-align: baseline; max-width: 100%; outline: none !important; height: auto !important;\" title=\"\" src=\"https://www.depo.ua/uploads/posts/20191022/754x/ZaTCzHlYg1IJia7ANtMG4NTJ2w3jj0xi7cw27Sum.jpeg\" alt=\"\" width=\"700\" height=\"493\" longdesc=\"https://www.depo.ua/ukr/politics/yak-zelenskiy-iz-korolyami-ta-korolevami-vitali-novogo-imperatora-yaponii-201910221049256\" /></p>\r\n<p style=\"box-sizing: border-box; margin: 20px 0px; padding: 0px; border: 0px; font-variant-numeric: inherit; font-variant-east-asian: inherit; font-stretch: inherit; line-height: 24px; font-family: PTSans-Regular, sans-serif; font-size: 18px; vertical-align: baseline; color: #000000; outline: none !important;\"><em style=\"box-sizing: border-box; margin: 0px; padding: 0px; border: 0px; font-variant: inherit; font-weight: inherit; font-stretch: inherit; line-height: inherit; font-family: inherit; vertical-align: baseline; outline: none !important;\">Президент Пакистану Аріф Алві з дружиною Саміною</em></p>\r\n<p style=\"box-sizing: border-box; margin: 20px 0px; padding: 0px; border: 0px; font-variant-numeric: inherit; font-variant-east-asian: inherit; font-stretch: inherit; line-height: 24px; font-family: PTSans-Regular, sans-serif; font-size: 18px; vertical-align: baseline; color: #000000; outline: none !important;\"><img id=\"\" dir=\"\" lang=\"\" style=\"box-sizing: border-box; margin: 0px; padding: 0px; border: 0px; font-style: inherit; font-variant: inherit; font-weight: inherit; font-stretch: inherit; line-height: inherit; font-family: inherit; vertical-align: baseline; max-width: 100%; outline: none !important; height: auto !important;\" title=\"\" src=\"https://www.depo.ua/uploads/posts/20191022/754x/YkV36m72xJdrfm34Di1Yb8n2cqrhlTwHyGco82In.jpeg\" alt=\"\" width=\"700\" height=\"456\" longdesc=\"https://www.depo.ua/ukr/politics/yak-zelenskiy-iz-korolyami-ta-korolevami-vitali-novogo-imperatora-yaponii-201910221049256\" /></p>\r\n<p style=\"box-sizing: border-box; margin: 20px 0px; padding: 0px; border: 0px; font-variant-numeric: inherit; font-variant-east-asian: inherit; font-stretch: inherit; line-height: 24px; font-family: PTSans-Regular, sans-serif; font-size: 18px; vertical-align: baseline; color: #000000; outline: none !important;\"><em style=\"box-sizing: border-box; margin: 0px; padding: 0px; border: 0px; font-variant: inherit; font-weight: inherit; font-stretch: inherit; line-height: inherit; font-family: inherit; vertical-align: baseline; outline: none !important;\">Президент Болгарії Роман Радев з дружиною Дезіславою</em></p>\r\n<p style=\"box-sizing: border-box; margin: 20px 0px; padding: 0px; border: 0px; font-variant-numeric: inherit; font-variant-east-asian: inherit; font-stretch: inherit; line-height: 24px; font-family: PTSans-Regular, sans-serif; font-size: 18px; vertical-align: baseline; color: #000000; outline: none !important;\"><img id=\"\" dir=\"\" lang=\"\" style=\"box-sizing: border-box; margin: 0px; padding: 0px; border: 0px; font-style: inherit; font-variant: inherit; font-weight: inherit; font-stretch: inherit; line-height: inherit; font-family: inherit; vertical-align: baseline; max-width: 100%; outline: none !important; height: auto !important;\" title=\"\" src=\"https://www.depo.ua/uploads/posts/20191022/754x/3cVhTQx1hQynzaB7AbQCl2QP9M9whqmTIUZwadXv.jpeg\" alt=\"\" width=\"700\" height=\"466\" longdesc=\"https://www.depo.ua/ukr/politics/yak-zelenskiy-iz-korolyami-ta-korolevami-vitali-novogo-imperatora-yaponii-201910221049256\" />\\</p>\r\n<p style=\"box-sizing: border-box; margin: 20px 0px; padding: 0px; border: 0px; font-variant-numeric: inherit; font-variant-east-asian: inherit; font-stretch: inherit; line-height: 24px; font-family: PTSans-Regular, sans-serif; font-size: 18px; vertical-align: baseline; color: #000000; outline: none !important;\"><em style=\"box-sizing: border-box; margin: 0px; padding: 0px; border: 0px; font-variant: inherit; font-weight: inherit; font-stretch: inherit; line-height: inherit; font-family: inherit; vertical-align: baseline; outline: none !important;\">Король Іспанії Філіп і королева Летиція</em></p>\r\n<p style=\"box-sizing: border-box; margin: 20px 0px; padding: 0px; border: 0px; font-variant-numeric: inherit; font-variant-east-asian: inherit; font-stretch: inherit; line-height: 24px; font-family: PTSans-Regular, sans-serif; font-size: 18px; vertical-align: baseline; color: #000000; outline: none !important;\"><img id=\"\" dir=\"\" lang=\"\" style=\"box-sizing: border-box; margin: 0px; padding: 0px; border: 0px; font-style: inherit; font-variant: inherit; font-weight: inherit; font-stretch: inherit; line-height: inherit; font-family: inherit; vertical-align: baseline; max-width: 100%; outline: none !important; height: auto !important;\" title=\"\" src=\"https://www.depo.ua/uploads/posts/20191022/754x/zNIykYw9YsZdoEjo85LbBU1iAqziQGfd3k36M3Vq.jpeg\" alt=\"\" width=\"700\" height=\"466\" longdesc=\"https://www.depo.ua/ukr/politics/yak-zelenskiy-iz-korolyami-ta-korolevami-vitali-novogo-imperatora-yaponii-201910221049256\" /></p>\r\n<p style=\"box-sizing: border-box; margin: 20px 0px; padding: 0px; border: 0px; font-variant-numeric: inherit; font-variant-east-asian: inherit; font-stretch: inherit; line-height: 24px; font-family: PTSans-Regular, sans-serif; font-size: 18px; vertical-align: baseline; color: #000000; outline: none !important;\"><em style=\"box-sizing: border-box; margin: 0px; padding: 0px; border: 0px; font-variant: inherit; font-weight: inherit; font-stretch: inherit; line-height: inherit; font-family: inherit; vertical-align: baseline; outline: none !important;\">Президент Німеччини Франк-Вальтер Штайнмайєр із дружиною</em></p>\r\n<p style=\"box-sizing: border-box; margin: 20px 0px; padding: 0px; border: 0px; font-variant-numeric: inherit; font-variant-east-asian: inherit; font-stretch: inherit; line-height: 24px; font-family: PTSans-Regular, sans-serif; font-size: 18px; vertical-align: baseline; color: #000000; outline: none !important;\"><img id=\"\" dir=\"\" lang=\"\" style=\"box-sizing: border-box; margin: 0px; padding: 0px; border: 0px; font-style: inherit; font-variant: inherit; font-weight: inherit; font-stretch: inherit; line-height: inherit; font-family: inherit; vertical-align: baseline; max-width: 100%; outline: none !important; height: auto !important;\" title=\"\" src=\"https://www.depo.ua/uploads/posts/20191022/754x/LxqJIJSXKg9RkkIkkdlSiDpY7xwetDIv0koWi5GS.jpeg\" alt=\"\" width=\"700\" height=\"466\" longdesc=\"https://www.depo.ua/ukr/politics/yak-zelenskiy-iz-korolyami-ta-korolevami-vitali-novogo-imperatora-yaponii-201910221049256\" /></p>\r\n<p style=\"box-sizing: border-box; margin: 20px 0px; padding: 0px; border: 0px; font-variant-numeric: inherit; font-variant-east-asian: inherit; font-stretch: inherit; line-height: 24px; font-family: PTSans-Regular, sans-serif; font-size: 18px; vertical-align: baseline; color: #000000; outline: none !important;\"><em style=\"box-sizing: border-box; margin: 0px; padding: 0px; border: 0px; font-variant: inherit; font-weight: inherit; font-stretch: inherit; line-height: inherit; font-family: inherit; vertical-align: baseline; outline: none !important;\">Король Філіп та королева Матільда з Бельгії</em></p>\r\n<p style=\"box-sizing: border-box; margin: 20px 0px; padding: 0px; border: 0px; font-variant-numeric: inherit; font-variant-east-asian: inherit; font-stretch: inherit; line-height: 24px; font-family: PTSans-Regular, sans-serif; font-size: 18px; vertical-align: baseline; color: #000000; outline: none !important;\">&nbsp;</p>\r\n<p style=\"box-sizing: border-box; margin: 20px 0px; padding: 0px; border: 0px; font-variant-numeric: inherit; font-variant-east-asian: inherit; font-stretch: inherit; line-height: 24px; font-family: PTSans-Regular, sans-serif; font-size: 18px; vertical-align: baseline; color: #000000; outline: none !important;\"><em style=\"box-sizing: border-box; margin: 0px; padding: 0px; border: 0px; font-variant: inherit; font-weight: inherit; font-stretch: inherit; line-height: inherit; font-family: inherit; vertical-align: baseline; outline: none !important;\">Малайзійський султан Паханга з дружиною</em><img id=\"\" dir=\"\" lang=\"\" style=\"box-sizing: border-box; margin: 0px; padding: 0px; border: 0px; font-style: inherit; font-variant: inherit; font-weight: inherit; font-stretch: inherit; line-height: inherit; font-family: inherit; vertical-align: baseline; max-width: 100%; outline: none !important; height: auto !important;\" title=\"\" src=\"https://www.depo.ua/uploads/posts/20191022/754x/xO8dyesTM08XuUn2j415hb13lWFzjRFNs73XCxvo.jpeg\" alt=\"\" width=\"700\" height=\"466\" longdesc=\"https://www.depo.ua/ukr/politics/yak-zelenskiy-iz-korolyami-ta-korolevami-vitali-novogo-imperatora-yaponii-201910221049256\" /></p>', 'posts\\October2019\\WJDVnqkV4LR9ePowDOLw.png', 'gejshi-i-koroli-yak-zelens-kij-zi-shtajnmajyerom-vitali-novog-imperatora-yaponiyi', NULL, NULL, 'PUBLISHED', 1, '2019-10-22 08:55:41', '2019-10-22 08:59:21'),
(11, 1, 1, 'Слідчі поліції АРК оголосили підозру \"судді\" за вирок Умерову', NULL, 'Під процесуальним керівництвом прокуратури автономії повідомлено про підозру \"судді\" незаконно створеного \"Симферопольского районного суда Республики Крым\"', '<div class=\"openPost-content\" style=\"box-sizing: border-box; margin: 0px; padding: 0px; border: 0px; font-variant-numeric: inherit; font-variant-east-asian: inherit; font-stretch: inherit; line-height: inherit; font-family: PTSans-Regular, sans-serif; font-size: 16px; vertical-align: baseline; position: relative; color: #000000; outline: none !important;\">\r\n<p style=\"box-sizing: border-box; outline: none !important; margin: 20px 0px; padding: 0px; border: 0px; font-style: inherit; font-variant: inherit; font-weight: inherit; font-stretch: inherit; line-height: 24px; font-family: inherit; font-size: 18px; vertical-align: baseline;\">Про це повідомляє&nbsp;<a style=\"box-sizing: border-box; margin: 0px; padding: 0px; border: 0px; font-style: inherit; font-variant: inherit; font-weight: inherit; font-stretch: inherit; line-height: inherit; font-family: inherit; vertical-align: baseline; color: #ff6a00; text-decoration-line: none; cursor: pointer; outline: none !important;\" href=\"https://krym.depo.ua/\">Depo.Крим</a>&nbsp;з посиланням на пресслужбу прокуратури АРК.</p>\r\n<p style=\"box-sizing: border-box; outline: none !important; margin: 20px 0px; padding: 0px; border: 0px; font-style: inherit; font-variant: inherit; font-weight: inherit; font-stretch: inherit; line-height: 24px; font-family: inherit; font-size: 18px; vertical-align: baseline;\">Під процесуальним керівництвом прокуратури АР Крим слідчими СВ ГУНП в АР Крим та м. Севастополі повідомлено про підозру \"судді\" незаконно створеного \"Симферопольского районного суда Республики Крым\" за ст. 438 КК України, а саме порушення законів та звичаїв війни, що передбачені міжнародними договорами, згода на обов\'язковість яких надана Верховною Радою України.</p>\r\n<p style=\"box-sizing: border-box; outline: none !important; margin: 20px 0px; padding: 0px; border: 0px; font-style: inherit; font-variant: inherit; font-weight: inherit; font-stretch: inherit; line-height: 24px; font-family: inherit; font-size: 18px; vertical-align: baseline;\">Під час досудового розслідування здобуто докази причетності \"судді\" до порушення права на справедливий і офіційний судовий процес, передбаченого ст. 147 Конвенції про захист цивільного населення під час війни 1949 року та ч. 4 ст. 75 Протоколу І до Женевських конвенцій 1949 року щодо проукраїнського активіста за його виступ у прямому ефірі на одному з телеканалів.</p>\r\n<p style=\"box-sizing: border-box; outline: none !important; margin: 20px 0px; padding: 0px; border: 0px; font-style: inherit; font-variant: inherit; font-weight: inherit; font-stretch: inherit; line-height: 24px; font-family: inherit; font-size: 18px; vertical-align: baseline;\">Під час виступу активіст висловив позицію щодо необхідності повернення Україні територій АР Крим, Донецької та Луганської областей. У травні-вересні 2017 року зазначений \"суддя\", розглядаючи матеріали кримінальної справи, порушив право обвинуваченого використати всі необхідні права і засоби захисту.</p>\r\n<p style=\"box-sizing: border-box; outline: none !important; margin: 20px 0px; padding: 0px; border: 0px; font-style: inherit; font-variant: inherit; font-weight: inherit; font-stretch: inherit; line-height: 24px; font-family: inherit; font-size: 18px; vertical-align: baseline;\">В результаті 27 вересня 2017 року він виніс \"вирок\", відповідно до якого визнав активіста винним у вчиненні кримінального правопорушення, передбаченого ч. 2 ст. 280.1 КК Росії (публічні заклики до здійснення дій, спрямованих на порушення територіальної цілісності Росії).</p>\r\n<p style=\"box-sizing: border-box; outline: none !important; margin: 20px 0px; padding: 0px; border: 0px; font-style: inherit; font-variant: inherit; font-weight: inherit; font-stretch: inherit; line-height: 24px; font-family: inherit; font-size: 18px; vertical-align: baseline;\">Йдеться про вирок заступнику голови Меджлісу кримськотатарського народу Ільмі Умерову.</p>\r\n<p style=\"box-sizing: border-box; outline: none !important; margin: 20px 0px; padding: 0px; border: 0px; font-style: inherit; font-variant: inherit; font-weight: inherit; font-stretch: inherit; line-height: 24px; font-family: inherit; font-size: 18px; vertical-align: baseline;\">Нагадаємо, кримськотатарський активіст заявив, що на території&nbsp;<a style=\"box-sizing: border-box; margin: 0px; padding: 0px; border: 0px; font-style: inherit; font-variant: inherit; font-weight: inherit; font-stretch: inherit; line-height: inherit; font-family: inherit; vertical-align: baseline; color: #ff6a00; text-decoration-line: none; cursor: pointer; outline: none !important;\" href=\"https://www.depo.ua/ukr/life/umerov-nazvav-kilkist-zatrimanih-rosiyeyu-v-okupovanomu-krimu-politv-yazniv-20190215917201\">анексованого Криму</a>&nbsp;не припиняються репресії щодо нелояльних до російської влади громадян.</p>\r\n</div>\r\n<div class=\"openPost-more\" style=\"box-sizing: border-box; margin: 25px 0px 10px; padding: 0px; border: 0px; font-variant-numeric: inherit; font-variant-east-asian: inherit; font-stretch: inherit; line-height: inherit; font-family: PTSans-Regular, sans-serif; font-size: 16px; vertical-align: baseline; color: #000000; outline: none !important;\">\r\n<p style=\"box-sizing: border-box; margin: 0px; padding: 0px; border: 0px; font-style: italic; font-variant: inherit; font-stretch: inherit; line-height: 28px; font-family: \'PT sans\'; font-size: 19px; vertical-align: baseline; outline: none !important;\">Більше новин про події у світі читайте на&nbsp;<a style=\"box-sizing: border-box; margin: 0px; padding: 0px; border: 0px; font-variant: inherit; font-stretch: inherit; line-height: 28px; vertical-align: baseline; color: #ff6a00; display: inline-block; text-decoration-line: none; outline: none !important;\" href=\"https://krym.depo.ua/\">Depo.Крим</a></p>\r\n</div>\r\n<div class=\"openPost-follow\" style=\"box-sizing: border-box; margin: 20px 0px 10px; padding: 0px; border: 0px; font-variant-numeric: inherit; font-variant-east-asian: inherit; font-stretch: inherit; line-height: inherit; font-family: PTSans-Regular, sans-serif; font-size: 16px; vertical-align: baseline; color: #000000; outline: none !important;\">\r\n<p style=\"box-sizing: border-box; margin: 0px; padding: 0px; border: 0px; font-style: italic; font-variant: inherit; font-stretch: inherit; line-height: 28px; font-family: \'PT sans\'; font-size: 19px; vertical-align: baseline; outline: none !important;\">Слідкуйте за новинами у&nbsp;<a style=\"box-sizing: border-box; margin: 0px; padding: 0px; border: 0px; font-variant: inherit; font-stretch: inherit; line-height: 28px; vertical-align: baseline; color: #ff6a00; display: inline-block; text-decoration-line: none; outline: none !important;\" href=\"https://t.me/depoua\" target=\"_blank\" rel=\"noopener\">Телеграм</a></p>\r\n<p style=\"box-sizing: border-box; margin: 0px; padding: 0px; border: 0px; font-style: italic; font-variant: inherit; font-stretch: inherit; line-height: 28px; font-family: \'PT sans\'; font-size: 19px; vertical-align: baseline; outline: none !important;\">Підписуйтеся на нашу сторінку у&nbsp;<a style=\"box-sizing: border-box; margin: 0px; padding: 0px; border: 0px; font-variant: inherit; font-stretch: inherit; line-height: 28px; vertical-align: baseline; color: #ff6a00; display: inline-block; text-decoration-line: none; outline: none !important;\" href=\"https://www.facebook.com/depoua\" target=\"_blank\" rel=\"noopener\">Facebook</a></p>\r\n</div>', 'posts\\October2019\\XoESjWnPgHO2wouOf9l6.jpg', 'slidchi-poliiyi-ark-ogolosili-pidozru-suddi-za-virok-umerovu', NULL, NULL, 'PUBLISHED', 1, '2019-10-22 09:04:27', '2019-10-22 09:04:27'),
(12, 1, 1, 'В Україні змінили процедуру отримання посвідчення водія', NULL, 'В Україні набула чинності постанова Кабміну, згідно з якою змінились процедури видачі посвідчень водія, підготовки водіїв та акредитації автошкіл', '<div class=\"openPost-content\" style=\"box-sizing: border-box; margin: 0px; padding: 0px; border: 0px; font-variant-numeric: inherit; font-variant-east-asian: inherit; font-stretch: inherit; line-height: inherit; font-family: PTSans-Regular, sans-serif; font-size: 16px; vertical-align: baseline; position: relative; color: #000000; outline: none !important;\">\r\n<p style=\"box-sizing: border-box; outline: none !important; margin: 20px 0px; padding: 0px; border: 0px; font-style: inherit; font-variant: inherit; font-weight: inherit; font-stretch: inherit; line-height: 24px; font-family: inherit; font-size: 18px; vertical-align: baseline;\">Про це інформує&nbsp;<a style=\"box-sizing: border-box; margin: 0px; padding: 0px; border: 0px; font-style: inherit; font-variant: inherit; font-weight: inherit; font-stretch: inherit; line-height: inherit; font-family: inherit; vertical-align: baseline; color: #ff6a00; text-decoration-line: none; cursor: pointer; outline: none !important;\" href=\"https://www.depo.ua/\">Depo.ua</a>&nbsp;з посиланням на&nbsp;<a style=\"box-sizing: border-box; margin: 0px; padding: 0px; border: 0px; font-style: inherit; font-variant: inherit; font-weight: inherit; font-stretch: inherit; line-height: inherit; font-family: inherit; vertical-align: baseline; color: #ff6a00; text-decoration-line: none; cursor: pointer; outline: none !important;\" href=\"http://hsc.gov.ua/2019/10/22/zminilis-protseduri-vidachi-posvidchen-vodiya-pidgotovki-vodiyiv-ta-akreditatsiyi-avtoshkil/?fbclid=IwAR1qBb9nCed22U923W32q9lTxlPf6hkzgiaW_TklK-KhYRjYxH3Npv7RV0I\" target=\"_blank\" rel=\"noopener\">пресслужбу</a>&nbsp;Головного сервісного центру МВС.</p>\r\n<p style=\"box-sizing: border-box; outline: none !important; margin: 20px 0px; padding: 0px; border: 0px; font-style: inherit; font-variant: inherit; font-weight: inherit; font-stretch: inherit; line-height: 24px; font-family: inherit; font-size: 18px; vertical-align: baseline;\">Серед основних нововведень, які стосуються процедури підготовки водіїв: допускається індивідуальний порядок підготовки, перепідготовки та підвищення кваліфікації водіїв; практичний іспит складають у територіальному центрі МВС, в якому успішно складено теоретичний іспит.</p>\r\n<p style=\"box-sizing: border-box; outline: none !important; margin: 20px 0px; padding: 0px; border: 0px; font-style: inherit; font-variant: inherit; font-weight: inherit; font-stretch: inherit; line-height: 24px; font-family: inherit; font-size: 18px; vertical-align: baseline;\">Також серед нововведень те, що термін дії свідоцтва про закінчення автошколи скорочено з 10 до 2-х років; з\'являється можливість застосування фото- та відеофіксації під час складання іспитів.</p>\r\n<p style=\"box-sizing: border-box; outline: none !important; margin: 20px 0px; padding: 0px; border: 0px; font-style: inherit; font-variant: inherit; font-weight: inherit; font-stretch: inherit; line-height: 24px; font-family: inherit; font-size: 18px; vertical-align: baseline;\">Водночас, свідоцтво про закінчення закладу з підготовки, перепідготовки й підвищення кваліфікації водіїв в паперовому вигляді випускникам автошкіл не видаватиметься &ndash;&nbsp;натомість воно в електронному вигляді вноситиметься закладом до Єдиного держреєстру МВС.</p>\r\n<p style=\"box-sizing: border-box; outline: none !important; margin: 20px 0px; padding: 0px; border: 0px; font-style: inherit; font-variant: inherit; font-weight: inherit; font-stretch: inherit; line-height: 24px; font-family: inherit; font-size: 18px; vertical-align: baseline;\">Окрім того, як зазначається, в процедурі взаємодії територіальних органів з надання сервісних послуг МВС із закладами з підготовки водіїв запроваджено електронний обмін інформацією.</p>\r\n<p style=\"box-sizing: border-box; outline: none !important; margin: 20px 0px; padding: 0px; border: 0px; font-style: inherit; font-variant: inherit; font-weight: inherit; font-stretch: inherit; line-height: 24px; font-family: inherit; font-size: 18px; vertical-align: baseline;\">Зокрема, викладачі та інструктори з водіння будуть зобов&rsquo;язані вносити у спеціальний електронний журнал інформацію про час проведення теоретичних та практичних занять, а також транспортний засіб, на якому здійснюватиметься практичне заняття.</p>\r\n<p style=\"box-sizing: border-box; outline: none !important; margin: 20px 0px; padding: 0px; border: 0px; font-style: inherit; font-variant: inherit; font-weight: inherit; font-stretch: inherit; line-height: 24px; font-family: inherit; font-size: 18px; vertical-align: baseline;\">У Головному сервісному центрі наголосили, що нововведення покликане покращити організацію навчального процесу та запровадити моніторинг за навчанням кожного слухача.</p>\r\n<p style=\"box-sizing: border-box; outline: none !important; margin: 20px 0px; padding: 0px; border: 0px; font-style: inherit; font-variant: inherit; font-weight: inherit; font-stretch: inherit; line-height: 24px; font-family: inherit; font-size: 18px; vertical-align: baseline;\">\"Нормативними змінами також передбачено, що всі випускники, які закінчили навчання з підготовки водіїв у закладах професійно-технічної освіти, допускаються до складання іспитів без додаткового навчання в автошколі\", &ndash;&nbsp;уточнюється у повідомленні.</p>\r\n<p style=\"box-sizing: border-box; outline: none !important; margin: 20px 0px; padding: 0px; border: 0px; font-style: inherit; font-variant: inherit; font-weight: inherit; font-stretch: inherit; line-height: 24px; font-family: inherit; font-size: 18px; vertical-align: baseline;\">Зазначається, що також змінилася процедура акредитації автошкіл.</p>\r\n<p style=\"box-sizing: border-box; outline: none !important; margin: 20px 0px; padding: 0px; border: 0px; font-style: inherit; font-variant: inherit; font-weight: inherit; font-stretch: inherit; line-height: 24px; font-family: inherit; font-size: 18px; vertical-align: baseline;\">Зокрема, відбулася передача функції акредитації закладів від Головного сервісного центру МВС до регіональних сервісних центрів МВС, що дало можливість скоротити час проходження цієї процедури, оскільки документи розглядатимуться за місцем розташування таких закладів.</p>\r\n<p style=\"box-sizing: border-box; outline: none !important; margin: 20px 0px; padding: 0px; border: 0px; font-style: inherit; font-variant: inherit; font-weight: inherit; font-stretch: inherit; line-height: 24px; font-family: inherit; font-size: 18px; vertical-align: baseline;\">Також учточнюється, що це дозволить суб&rsquo;єктам господарювання заощадити кошти на транспортних витратах.</p>\r\n<p style=\"box-sizing: border-box; outline: none !important; margin: 20px 0px; padding: 0px; border: 0px; font-style: inherit; font-variant: inherit; font-weight: inherit; font-stretch: inherit; line-height: 24px; font-family: inherit; font-size: 18px; vertical-align: baseline;\">\"Ураховуючи викладене, з 19 жовтня 2019 року: заяви про затвердження робочих програм і планів закладу подаються до РСЦ МВС (за місцезнаходженням закладу); заяви про проведення обстеження матеріально-технічної бази закладу подаються до ТСЦ МВС (за місцезнаходженням закладу); заяви та відповідні матеріали для проведення державної акредитації закладу подаються до РСЦ МВС (за місцезнаходженням закладу)\", &ndash;&nbsp;зазначається у повідомленні.</p>\r\n<p style=\"box-sizing: border-box; outline: none !important; margin: 20px 0px; padding: 0px; border: 0px; font-style: inherit; font-variant: inherit; font-weight: inherit; font-stretch: inherit; line-height: 24px; font-family: inherit; font-size: 18px; vertical-align: baseline;\">Постановою також передбачено, що сертифікати про державну акредитацію, видані після 5 липня 2016 року закладам, акредитованим Головним сервісним центром МВС, вважаються безстроковими, повідомляє пресслужба.</p>\r\n<p style=\"box-sizing: border-box; outline: none !important; margin: 20px 0px; padding: 0px; border: 0px; font-style: inherit; font-variant: inherit; font-weight: inherit; font-stretch: inherit; line-height: 24px; font-family: inherit; font-size: 18px; vertical-align: baseline;\">Постанова набрала чинності 19 жовтня.&nbsp;</p>\r\n<p style=\"box-sizing: border-box; outline: none !important; margin: 20px 0px; padding: 0px; border: 0px; font-style: inherit; font-variant: inherit; font-weight: inherit; font-stretch: inherit; line-height: 24px; font-family: inherit; font-size: 18px; vertical-align: baseline;\">Нагадаємо, 16 жовтня стало відомо, що&nbsp;<a style=\"box-sizing: border-box; margin: 0px; padding: 0px; border: 0px; font-style: inherit; font-variant: inherit; font-weight: inherit; font-stretch: inherit; line-height: inherit; font-family: inherit; vertical-align: baseline; color: #ff6a00; text-decoration-line: none; cursor: pointer; outline: none !important;\" href=\"https://www.depo.ua/ukr/svit/ukrainski-vodiyski-prava-viznae-velika-britaniya-ta-frantsiya-201910161046085\">Британія та Франція можуть визнати українські водійські посвідчення</a>.</p>\r\n</div>\r\n<div class=\"openPost-more\" style=\"box-sizing: border-box; margin: 25px 0px 10px; padding: 0px; border: 0px; font-variant-numeric: inherit; font-variant-east-asian: inherit; font-stretch: inherit; line-height: inherit; font-family: PTSans-Regular, sans-serif; font-size: 16px; vertical-align: baseline; color: #000000; outline: none !important;\">\r\n<p style=\"box-sizing: border-box; margin: 0px; padding: 0px; border: 0px; font-style: italic; font-variant: inherit; font-stretch: inherit; line-height: 28px; font-family: \'PT sans\'; font-size: 19px; vertical-align: baseline; outline: none !important;\">Більше новин про події у світі читайте на&nbsp;<a style=\"box-sizing: border-box; margin: 0px; padding: 0px; border: 0px; font-variant: inherit; font-stretch: inherit; line-height: 28px; vertical-align: baseline; color: #ff6a00; display: inline-block; text-decoration-line: none; outline: none !important;\" href=\"https://www.depo.ua/\">Depo.Головна</a></p>\r\n</div>\r\n<div class=\"openPost-follow\" style=\"box-sizing: border-box; margin: 20px 0px 10px; padding: 0px; border: 0px; font-variant-numeric: inherit; font-variant-east-asian: inherit; font-stretch: inherit; line-height: inherit; font-family: PTSans-Regular, sans-serif; font-size: 16px; vertical-align: baseline; color: #000000; outline: none !important;\">\r\n<p style=\"box-sizing: border-box; margin: 0px; padding: 0px; border: 0px; font-style: italic; font-variant: inherit; font-stretch: inherit; line-height: 28px; font-family: \'PT sans\'; font-size: 19px; vertical-align: baseline; outline: none !important;\">Слідкуйте за новинами у&nbsp;<a style=\"box-sizing: border-box; margin: 0px; padding: 0px; border: 0px; font-variant: inherit; font-stretch: inherit; line-height: 28px; vertical-align: baseline; color: #ff6a00; display: inline-block; text-decoration-line: none; outline: none !important;\" href=\"https://t.me/depoua\" target=\"_blank\" rel=\"noopener\">Телеграм</a></p>\r\n<p style=\"box-sizing: border-box; margin: 0px; padding: 0px; border: 0px; font-style: italic; font-variant: inherit; font-stretch: inherit; line-height: 28px; font-family: \'PT sans\'; font-size: 19px; vertical-align: baseline; outline: none !important;\">Підписуйтеся на нашу сторінку у&nbsp;<a style=\"box-sizing: border-box; margin: 0px; padding: 0px; border: 0px; font-variant: inherit; font-stretch: inherit; line-height: 28px; vertical-align: baseline; color: #ff6a00; display: inline-block; text-decoration-line: none; outline: none !important;\" href=\"https://www.facebook.com/depoua\" target=\"_blank\" rel=\"noopener\">Facebook</a></p>\r\n</div>', 'posts\\October2019\\O037WfySZEURmSuMhJh8.jpg', 'v-ukrayini-zminili-proceduru-otrimannya-posvidchennya-voiya', NULL, NULL, 'PUBLISHED', 1, '2019-10-22 09:15:17', '2019-10-22 09:15:17'),
(13, 1, 1, 'В Україні змінили процедуру отримання посвідчення водія', NULL, 'В Україні набула чинності постанова Кабміну, згідно з якою змінились процедури видачі посвідчень водія, підготовки водіїв та акредитації автошкіл', '<div class=\"openPost-content\" style=\"box-sizing: border-box; margin: 0px; padding: 0px; border: 0px; font-variant-numeric: inherit; font-variant-east-asian: inherit; font-stretch: inherit; line-height: inherit; font-family: PTSans-Regular, sans-serif; font-size: 16px; vertical-align: baseline; position: relative; color: #000000; outline: none !important;\">\r\n<p style=\"box-sizing: border-box; outline: none !important; margin: 20px 0px; padding: 0px; border: 0px; font-style: inherit; font-variant: inherit; font-weight: inherit; font-stretch: inherit; line-height: 24px; font-family: inherit; font-size: 18px; vertical-align: baseline;\">Про це інформує&nbsp;<a style=\"box-sizing: border-box; margin: 0px; padding: 0px; border: 0px; font-style: inherit; font-variant: inherit; font-weight: inherit; font-stretch: inherit; line-height: inherit; font-family: inherit; vertical-align: baseline; color: #ff6a00; text-decoration-line: none; cursor: pointer; outline: none !important;\" href=\"https://www.depo.ua/\">Depo.ua</a>&nbsp;з посиланням на&nbsp;<a style=\"box-sizing: border-box; margin: 0px; padding: 0px; border: 0px; font-style: inherit; font-variant: inherit; font-weight: inherit; font-stretch: inherit; line-height: inherit; font-family: inherit; vertical-align: baseline; color: #ff6a00; text-decoration-line: none; cursor: pointer; outline: none !important;\" href=\"http://hsc.gov.ua/2019/10/22/zminilis-protseduri-vidachi-posvidchen-vodiya-pidgotovki-vodiyiv-ta-akreditatsiyi-avtoshkil/?fbclid=IwAR1qBb9nCed22U923W32q9lTxlPf6hkzgiaW_TklK-KhYRjYxH3Npv7RV0I\" target=\"_blank\" rel=\"noopener\">пресслужбу</a>&nbsp;Головного сервісного центру МВС.</p>\r\n<p style=\"box-sizing: border-box; outline: none !important; margin: 20px 0px; padding: 0px; border: 0px; font-style: inherit; font-variant: inherit; font-weight: inherit; font-stretch: inherit; line-height: 24px; font-family: inherit; font-size: 18px; vertical-align: baseline;\">Серед основних нововведень, які стосуються процедури підготовки водіїв: допускається індивідуальний порядок підготовки, перепідготовки та підвищення кваліфікації водіїв; практичний іспит складають у територіальному центрі МВС, в якому успішно складено теоретичний іспит.</p>\r\n<p style=\"box-sizing: border-box; outline: none !important; margin: 20px 0px; padding: 0px; border: 0px; font-style: inherit; font-variant: inherit; font-weight: inherit; font-stretch: inherit; line-height: 24px; font-family: inherit; font-size: 18px; vertical-align: baseline;\">Також серед нововведень те, що термін дії свідоцтва про закінчення автошколи скорочено з 10 до 2-х років; з\'являється можливість застосування фото- та відеофіксації під час складання іспитів.</p>\r\n<p style=\"box-sizing: border-box; outline: none !important; margin: 20px 0px; padding: 0px; border: 0px; font-style: inherit; font-variant: inherit; font-weight: inherit; font-stretch: inherit; line-height: 24px; font-family: inherit; font-size: 18px; vertical-align: baseline;\">Водночас, свідоцтво про закінчення закладу з підготовки, перепідготовки й підвищення кваліфікації водіїв в паперовому вигляді випускникам автошкіл не видаватиметься &ndash;&nbsp;натомість воно в електронному вигляді вноситиметься закладом до Єдиного держреєстру МВС.</p>\r\n<p style=\"box-sizing: border-box; outline: none !important; margin: 20px 0px; padding: 0px; border: 0px; font-style: inherit; font-variant: inherit; font-weight: inherit; font-stretch: inherit; line-height: 24px; font-family: inherit; font-size: 18px; vertical-align: baseline;\">Окрім того, як зазначається, в процедурі взаємодії територіальних органів з надання сервісних послуг МВС із закладами з підготовки водіїв запроваджено електронний обмін інформацією.</p>\r\n<p style=\"box-sizing: border-box; outline: none !important; margin: 20px 0px; padding: 0px; border: 0px; font-style: inherit; font-variant: inherit; font-weight: inherit; font-stretch: inherit; line-height: 24px; font-family: inherit; font-size: 18px; vertical-align: baseline;\">Зокрема, викладачі та інструктори з водіння будуть зобов&rsquo;язані вносити у спеціальний електронний журнал інформацію про час проведення теоретичних та практичних занять, а також транспортний засіб, на якому здійснюватиметься практичне заняття.</p>\r\n<p style=\"box-sizing: border-box; outline: none !important; margin: 20px 0px; padding: 0px; border: 0px; font-style: inherit; font-variant: inherit; font-weight: inherit; font-stretch: inherit; line-height: 24px; font-family: inherit; font-size: 18px; vertical-align: baseline;\">У Головному сервісному центрі наголосили, що нововведення покликане покращити організацію навчального процесу та запровадити моніторинг за навчанням кожного слухача.</p>\r\n<p style=\"box-sizing: border-box; outline: none !important; margin: 20px 0px; padding: 0px; border: 0px; font-style: inherit; font-variant: inherit; font-weight: inherit; font-stretch: inherit; line-height: 24px; font-family: inherit; font-size: 18px; vertical-align: baseline;\">\"Нормативними змінами також передбачено, що всі випускники, які закінчили навчання з підготовки водіїв у закладах професійно-технічної освіти, допускаються до складання іспитів без додаткового навчання в автошколі\", &ndash;&nbsp;уточнюється у повідомленні.</p>\r\n<p style=\"box-sizing: border-box; outline: none !important; margin: 20px 0px; padding: 0px; border: 0px; font-style: inherit; font-variant: inherit; font-weight: inherit; font-stretch: inherit; line-height: 24px; font-family: inherit; font-size: 18px; vertical-align: baseline;\">Зазначається, що також змінилася процедура акредитації автошкіл.</p>\r\n<p style=\"box-sizing: border-box; outline: none !important; margin: 20px 0px; padding: 0px; border: 0px; font-style: inherit; font-variant: inherit; font-weight: inherit; font-stretch: inherit; line-height: 24px; font-family: inherit; font-size: 18px; vertical-align: baseline;\">Зокрема, відбулася передача функції акредитації закладів від Головного сервісного центру МВС до регіональних сервісних центрів МВС, що дало можливість скоротити час проходження цієї процедури, оскільки документи розглядатимуться за місцем розташування таких закладів.</p>\r\n<p style=\"box-sizing: border-box; outline: none !important; margin: 20px 0px; padding: 0px; border: 0px; font-style: inherit; font-variant: inherit; font-weight: inherit; font-stretch: inherit; line-height: 24px; font-family: inherit; font-size: 18px; vertical-align: baseline;\">Також учточнюється, що це дозволить суб&rsquo;єктам господарювання заощадити кошти на транспортних витратах.</p>\r\n<p style=\"box-sizing: border-box; outline: none !important; margin: 20px 0px; padding: 0px; border: 0px; font-style: inherit; font-variant: inherit; font-weight: inherit; font-stretch: inherit; line-height: 24px; font-family: inherit; font-size: 18px; vertical-align: baseline;\">\"Ураховуючи викладене, з 19 жовтня 2019 року: заяви про затвердження робочих програм і планів закладу подаються до РСЦ МВС (за місцезнаходженням закладу); заяви про проведення обстеження матеріально-технічної бази закладу подаються до ТСЦ МВС (за місцезнаходженням закладу); заяви та відповідні матеріали для проведення державної акредитації закладу подаються до РСЦ МВС (за місцезнаходженням закладу)\", &ndash;&nbsp;зазначається у повідомленні.</p>\r\n<p style=\"box-sizing: border-box; outline: none !important; margin: 20px 0px; padding: 0px; border: 0px; font-style: inherit; font-variant: inherit; font-weight: inherit; font-stretch: inherit; line-height: 24px; font-family: inherit; font-size: 18px; vertical-align: baseline;\">Постановою також передбачено, що сертифікати про державну акредитацію, видані після 5 липня 2016 року закладам, акредитованим Головним сервісним центром МВС, вважаються безстроковими, повідомляє пресслужба.</p>\r\n<p style=\"box-sizing: border-box; outline: none !important; margin: 20px 0px; padding: 0px; border: 0px; font-style: inherit; font-variant: inherit; font-weight: inherit; font-stretch: inherit; line-height: 24px; font-family: inherit; font-size: 18px; vertical-align: baseline;\">Постанова набрала чинності 19 жовтня.&nbsp;</p>\r\n<p style=\"box-sizing: border-box; outline: none !important; margin: 20px 0px; padding: 0px; border: 0px; font-style: inherit; font-variant: inherit; font-weight: inherit; font-stretch: inherit; line-height: 24px; font-family: inherit; font-size: 18px; vertical-align: baseline;\">Нагадаємо, 16 жовтня стало відомо, що&nbsp;<a style=\"box-sizing: border-box; margin: 0px; padding: 0px; border: 0px; font-style: inherit; font-variant: inherit; font-weight: inherit; font-stretch: inherit; line-height: inherit; font-family: inherit; vertical-align: baseline; color: #ff6a00; text-decoration-line: none; cursor: pointer; outline: none !important;\" href=\"https://www.depo.ua/ukr/svit/ukrainski-vodiyski-prava-viznae-velika-britaniya-ta-frantsiya-201910161046085\">Британія та Франція можуть визнати українські водійські посвідчення</a>.</p>\r\n</div>\r\n<div class=\"openPost-more\" style=\"box-sizing: border-box; margin: 25px 0px 10px; padding: 0px; border: 0px; font-variant-numeric: inherit; font-variant-east-asian: inherit; font-stretch: inherit; line-height: inherit; font-family: PTSans-Regular, sans-serif; font-size: 16px; vertical-align: baseline; color: #000000; outline: none !important;\">\r\n<p style=\"box-sizing: border-box; margin: 0px; padding: 0px; border: 0px; font-style: italic; font-variant: inherit; font-stretch: inherit; line-height: 28px; font-family: \'PT sans\'; font-size: 19px; vertical-align: baseline; outline: none !important;\">Більше новин про події у світі читайте на&nbsp;<a style=\"box-sizing: border-box; margin: 0px; padding: 0px; border: 0px; font-variant: inherit; font-stretch: inherit; line-height: 28px; vertical-align: baseline; color: #ff6a00; display: inline-block; text-decoration-line: none; outline: none !important;\" href=\"https://www.depo.ua/\">Depo.Головна</a></p>\r\n</div>\r\n<div class=\"openPost-follow\" style=\"box-sizing: border-box; margin: 20px 0px 10px; padding: 0px; border: 0px; font-variant-numeric: inherit; font-variant-east-asian: inherit; font-stretch: inherit; line-height: inherit; font-family: PTSans-Regular, sans-serif; font-size: 16px; vertical-align: baseline; color: #000000; outline: none !important;\">\r\n<p style=\"box-sizing: border-box; margin: 0px; padding: 0px; border: 0px; font-style: italic; font-variant: inherit; font-stretch: inherit; line-height: 28px; font-family: \'PT sans\'; font-size: 19px; vertical-align: baseline; outline: none !important;\">Слідкуйте за новинами у&nbsp;<a style=\"box-sizing: border-box; margin: 0px; padding: 0px; border: 0px; font-variant: inherit; font-stretch: inherit; line-height: 28px; vertical-align: baseline; color: #ff6a00; display: inline-block; text-decoration-line: none; outline: none !important;\" href=\"https://t.me/depoua\" target=\"_blank\" rel=\"noopener\">Телеграм</a></p>\r\n<p style=\"box-sizing: border-box; margin: 0px; padding: 0px; border: 0px; font-style: italic; font-variant: inherit; font-stretch: inherit; line-height: 28px; font-family: \'PT sans\'; font-size: 19px; vertical-align: baseline; outline: none !important;\">Підписуйтеся на нашу сторінку у&nbsp;<a style=\"box-sizing: border-box; margin: 0px; padding: 0px; border: 0px; font-variant: inherit; font-stretch: inherit; line-height: 28px; vertical-align: baseline; color: #ff6a00; display: inline-block; text-decoration-line: none; outline: none !important;\" href=\"https://www.facebook.com/depoua\" target=\"_blank\" rel=\"noopener\">Facebook</a></p>\r\n</div>', 'posts\\October2019\\O037WfySZEURmSuMhJh8.jpg', 'v-ukrayini-zminii-proceduru-otrimannya-posvidchennya-vodiy', NULL, NULL, 'PUBLISHED', 1, '2019-10-22 09:15:17', '2019-10-22 09:15:17');
INSERT INTO `posts` (`id`, `author_id`, `category_id`, `title`, `seo_title`, `excerpt`, `body`, `image`, `slug`, `meta_description`, `meta_keywords`, `status`, `featured`, `created_at`, `updated_at`) VALUES
(14, 1, 1, 'Гейші і королі: Як Зеленський зі Штайнмайєром вітали нового імператора Японії', NULL, 'На церемонію інтронізації нового японського імператора Нарухіто з\'їхалися лідери близько 200 країн, серед яких – президент України Володимир Зеленський з дружиною', '<p style=\"box-sizing: border-box; margin: 20px 0px; padding: 0px; border: 0px; font-variant-numeric: inherit; font-variant-east-asian: inherit; font-stretch: inherit; line-height: 24px; font-family: PTSans-Regular, sans-serif; font-size: 18px; vertical-align: baseline; color: #000000; outline: none !important;\">Дійство відбулося&nbsp;в найпочеснішому \"Сосновому залі\" імператорського палацу, що знаходиться в Токіо.&nbsp;</p>\r\n<p style=\"box-sizing: border-box; margin: 20px 0px; padding: 0px; border: 0px; font-variant-numeric: inherit; font-variant-east-asian: inherit; font-stretch: inherit; line-height: 24px; font-family: PTSans-Regular, sans-serif; font-size: 18px; vertical-align: baseline; color: #000000; outline: none !important;\">Нарухіто &ndash;&nbsp;<a style=\"box-sizing: border-box; margin: 0px; padding: 0px; border: 0px; font-style: inherit; font-variant: inherit; font-weight: inherit; font-stretch: inherit; line-height: inherit; font-family: inherit; vertical-align: baseline; color: #ff6a00; text-decoration-line: none; cursor: pointer; outline: none !important;\" href=\"https://www.depo.ua/ukr/politics/yaponiya-otrimala-novogo-imperatora-shcho-vidomo-pro-narukhito-201910221049074\">старший син імператора Акіхіто і наслідний принц Японії</a>, якого було оголошено імператором 1 травня 2019 року.</p>\r\n<p style=\"box-sizing: border-box; margin: 20px 0px; padding: 0px; border: 0px; font-variant-numeric: inherit; font-variant-east-asian: inherit; font-stretch: inherit; line-height: 24px; font-family: PTSans-Regular, sans-serif; font-size: 18px; vertical-align: baseline; color: #000000; outline: none !important;\">Попередній раз японський&nbsp;імператор зійшов на трон 30 років тому &ndash;&nbsp;себто, Зеленський став першим президентом України, який побував на церемонії.&nbsp;</p>\r\n<p style=\"box-sizing: border-box; margin: 20px 0px; padding: 0px; border: 0px; font-variant-numeric: inherit; font-variant-east-asian: inherit; font-stretch: inherit; line-height: 24px; font-family: PTSans-Regular, sans-serif; font-size: 18px; vertical-align: baseline; color: #000000; outline: none !important;\">\"Проведення стародавнього обряду в сучасній Японії є прикладом того, як в одній державі можуть співіснувати і глибока повага до традицій, і впровадження новітніх високих технологій для поліпшення життя кожної людини\", &ndash; цитують Зеленського в офіційному telegram-каналі Офісу президента.&nbsp;</p>\r\n<p style=\"box-sizing: border-box; margin: 20px 0px; padding: 0px; border: 0px; font-variant-numeric: inherit; font-variant-east-asian: inherit; font-stretch: inherit; line-height: 24px; font-family: PTSans-Regular, sans-serif; font-size: 18px; vertical-align: baseline; color: #000000; outline: none !important;\"><a style=\"box-sizing: border-box; margin: 0px; padding: 0px; border: 0px; font-style: inherit; font-variant: inherit; font-weight: inherit; font-stretch: inherit; line-height: inherit; font-family: inherit; vertical-align: baseline; color: #ff6a00; text-decoration-line: none; cursor: pointer; outline: none !important;\" href=\"https://www.depo.ua/\">Depo.ua</a>&nbsp;зібрав яскраві світлини з церемонії.&nbsp;</p>\r\n<p style=\"box-sizing: border-box; margin: 20px 0px; padding: 0px; border: 0px; font-variant-numeric: inherit; font-variant-east-asian: inherit; font-stretch: inherit; line-height: 24px; font-family: PTSans-Regular, sans-serif; font-size: 18px; vertical-align: baseline; color: #000000; outline: none !important;\"><img id=\"\" dir=\"\" lang=\"\" style=\"box-sizing: border-box; margin: 0px; padding: 0px; border: 0px; font-style: inherit; font-variant: inherit; font-weight: inherit; font-stretch: inherit; line-height: inherit; font-family: inherit; vertical-align: baseline; max-width: 100%; outline: none !important; height: auto !important;\" title=\"\" src=\"https://www.depo.ua/uploads/posts/20191022/754x/eUJya4xctZyIoMSpTQv7cqabNupRAqBPx7YVPMv1.png\" alt=\"\" width=\"779\" height=\"538\" longdesc=\"https://www.depo.ua/ukr/politics/yak-zelenskiy-iz-korolyami-ta-korolevami-vitali-novogo-imperatora-yaponii-201910221049256\" /></p>\r\n<p style=\"box-sizing: border-box; margin: 20px 0px; padding: 0px; border: 0px; font-variant-numeric: inherit; font-variant-east-asian: inherit; font-stretch: inherit; line-height: 24px; font-family: PTSans-Regular, sans-serif; font-size: 18px; vertical-align: baseline; color: #000000; outline: none !important;\"><img id=\"\" dir=\"\" lang=\"\" style=\"box-sizing: border-box; margin: 0px; padding: 0px; border: 0px; font-style: inherit; font-variant: inherit; font-weight: inherit; font-stretch: inherit; line-height: inherit; font-family: inherit; vertical-align: baseline; max-width: 100%; outline: none !important; height: auto !important;\" title=\"\" src=\"https://www.depo.ua/uploads/posts/20191022/754x/UO1MLNhvcaaBigGi7j1gxloHbuUnOPtpgi2KmTFF.jpeg\" alt=\"\" width=\"700\" height=\"623\" longdesc=\"https://www.depo.ua/ukr/politics/yak-zelenskiy-iz-korolyami-ta-korolevami-vitali-novogo-imperatora-yaponii-201910221049256\" /></p>\r\n<p style=\"box-sizing: border-box; margin: 20px 0px; padding: 0px; border: 0px; font-variant-numeric: inherit; font-variant-east-asian: inherit; font-stretch: inherit; line-height: 24px; font-family: PTSans-Regular, sans-serif; font-size: 18px; vertical-align: baseline; color: #000000; outline: none !important;\"><em style=\"box-sizing: border-box; margin: 0px; padding: 0px; border: 0px; font-variant: inherit; font-weight: inherit; font-stretch: inherit; line-height: inherit; font-family: inherit; vertical-align: baseline; outline: none !important;\">Принц Чарльз та принцеса Мері з Данії</em></p>\r\n<p style=\"box-sizing: border-box; margin: 20px 0px; padding: 0px; border: 0px; font-variant-numeric: inherit; font-variant-east-asian: inherit; font-stretch: inherit; line-height: 24px; font-family: PTSans-Regular, sans-serif; font-size: 18px; vertical-align: baseline; color: #000000; outline: none !important;\"><img id=\"\" dir=\"\" lang=\"\" style=\"box-sizing: border-box; margin: 0px; padding: 0px; border: 0px; font-style: inherit; font-variant: inherit; font-weight: inherit; font-stretch: inherit; line-height: inherit; font-family: inherit; vertical-align: baseline; max-width: 100%; outline: none !important; height: auto !important;\" title=\"\" src=\"https://www.depo.ua/uploads/posts/20191022/754x/zkFjIdiXFK7zAx31f9A0O15R7QAi6OhHJnRp5jgA.jpeg\" alt=\"\" width=\"700\" height=\"466\" longdesc=\"https://www.depo.ua/ukr/politics/yak-zelenskiy-iz-korolyami-ta-korolevami-vitali-novogo-imperatora-yaponii-201910221049256\" /></p>\r\n<p style=\"box-sizing: border-box; margin: 20px 0px; padding: 0px; border: 0px; font-variant-numeric: inherit; font-variant-east-asian: inherit; font-stretch: inherit; line-height: 24px; font-family: PTSans-Regular, sans-serif; font-size: 18px; vertical-align: baseline; color: #000000; outline: none !important;\"><img id=\"\" dir=\"\" lang=\"\" style=\"box-sizing: border-box; margin: 0px; padding: 0px; border: 0px; font-style: inherit; font-variant: inherit; font-weight: inherit; font-stretch: inherit; line-height: inherit; font-family: inherit; vertical-align: baseline; max-width: 100%; outline: none !important; height: auto !important;\" title=\"\" src=\"https://www.depo.ua/uploads/posts/20191022/754x/T1VAc5FaWAaHTXfHBlKVF5vYcHt8pEsguCfmPDo5.jpeg\" alt=\"\" width=\"700\" height=\"466\" longdesc=\"https://www.depo.ua/ukr/politics/yak-zelenskiy-iz-korolyami-ta-korolevami-vitali-novogo-imperatora-yaponii-201910221049256\" /></p>\r\n<p style=\"box-sizing: border-box; margin: 20px 0px; padding: 0px; border: 0px; font-variant-numeric: inherit; font-variant-east-asian: inherit; font-stretch: inherit; line-height: 24px; font-family: PTSans-Regular, sans-serif; font-size: 18px; vertical-align: baseline; color: #000000; outline: none !important;\"><img id=\"\" dir=\"\" lang=\"\" style=\"box-sizing: border-box; margin: 0px; padding: 0px; border: 0px; font-style: inherit; font-variant: inherit; font-weight: inherit; font-stretch: inherit; line-height: inherit; font-family: inherit; vertical-align: baseline; max-width: 100%; outline: none !important; height: auto !important;\" title=\"\" src=\"https://www.depo.ua/uploads/posts/20191022/754x/ZaTCzHlYg1IJia7ANtMG4NTJ2w3jj0xi7cw27Sum.jpeg\" alt=\"\" width=\"700\" height=\"493\" longdesc=\"https://www.depo.ua/ukr/politics/yak-zelenskiy-iz-korolyami-ta-korolevami-vitali-novogo-imperatora-yaponii-201910221049256\" /></p>\r\n<p style=\"box-sizing: border-box; margin: 20px 0px; padding: 0px; border: 0px; font-variant-numeric: inherit; font-variant-east-asian: inherit; font-stretch: inherit; line-height: 24px; font-family: PTSans-Regular, sans-serif; font-size: 18px; vertical-align: baseline; color: #000000; outline: none !important;\"><em style=\"box-sizing: border-box; margin: 0px; padding: 0px; border: 0px; font-variant: inherit; font-weight: inherit; font-stretch: inherit; line-height: inherit; font-family: inherit; vertical-align: baseline; outline: none !important;\">Президент Пакистану Аріф Алві з дружиною Саміною</em></p>\r\n<p style=\"box-sizing: border-box; margin: 20px 0px; padding: 0px; border: 0px; font-variant-numeric: inherit; font-variant-east-asian: inherit; font-stretch: inherit; line-height: 24px; font-family: PTSans-Regular, sans-serif; font-size: 18px; vertical-align: baseline; color: #000000; outline: none !important;\"><img id=\"\" dir=\"\" lang=\"\" style=\"box-sizing: border-box; margin: 0px; padding: 0px; border: 0px; font-style: inherit; font-variant: inherit; font-weight: inherit; font-stretch: inherit; line-height: inherit; font-family: inherit; vertical-align: baseline; max-width: 100%; outline: none !important; height: auto !important;\" title=\"\" src=\"https://www.depo.ua/uploads/posts/20191022/754x/YkV36m72xJdrfm34Di1Yb8n2cqrhlTwHyGco82In.jpeg\" alt=\"\" width=\"700\" height=\"456\" longdesc=\"https://www.depo.ua/ukr/politics/yak-zelenskiy-iz-korolyami-ta-korolevami-vitali-novogo-imperatora-yaponii-201910221049256\" /></p>\r\n<p style=\"box-sizing: border-box; margin: 20px 0px; padding: 0px; border: 0px; font-variant-numeric: inherit; font-variant-east-asian: inherit; font-stretch: inherit; line-height: 24px; font-family: PTSans-Regular, sans-serif; font-size: 18px; vertical-align: baseline; color: #000000; outline: none !important;\"><em style=\"box-sizing: border-box; margin: 0px; padding: 0px; border: 0px; font-variant: inherit; font-weight: inherit; font-stretch: inherit; line-height: inherit; font-family: inherit; vertical-align: baseline; outline: none !important;\">Президент Болгарії Роман Радев з дружиною Дезіславою</em></p>\r\n<p style=\"box-sizing: border-box; margin: 20px 0px; padding: 0px; border: 0px; font-variant-numeric: inherit; font-variant-east-asian: inherit; font-stretch: inherit; line-height: 24px; font-family: PTSans-Regular, sans-serif; font-size: 18px; vertical-align: baseline; color: #000000; outline: none !important;\"><img id=\"\" dir=\"\" lang=\"\" style=\"box-sizing: border-box; margin: 0px; padding: 0px; border: 0px; font-style: inherit; font-variant: inherit; font-weight: inherit; font-stretch: inherit; line-height: inherit; font-family: inherit; vertical-align: baseline; max-width: 100%; outline: none !important; height: auto !important;\" title=\"\" src=\"https://www.depo.ua/uploads/posts/20191022/754x/3cVhTQx1hQynzaB7AbQCl2QP9M9whqmTIUZwadXv.jpeg\" alt=\"\" width=\"700\" height=\"466\" longdesc=\"https://www.depo.ua/ukr/politics/yak-zelenskiy-iz-korolyami-ta-korolevami-vitali-novogo-imperatora-yaponii-201910221049256\" />\\</p>\r\n<p style=\"box-sizing: border-box; margin: 20px 0px; padding: 0px; border: 0px; font-variant-numeric: inherit; font-variant-east-asian: inherit; font-stretch: inherit; line-height: 24px; font-family: PTSans-Regular, sans-serif; font-size: 18px; vertical-align: baseline; color: #000000; outline: none !important;\"><em style=\"box-sizing: border-box; margin: 0px; padding: 0px; border: 0px; font-variant: inherit; font-weight: inherit; font-stretch: inherit; line-height: inherit; font-family: inherit; vertical-align: baseline; outline: none !important;\">Король Іспанії Філіп і королева Летиція</em></p>\r\n<p style=\"box-sizing: border-box; margin: 20px 0px; padding: 0px; border: 0px; font-variant-numeric: inherit; font-variant-east-asian: inherit; font-stretch: inherit; line-height: 24px; font-family: PTSans-Regular, sans-serif; font-size: 18px; vertical-align: baseline; color: #000000; outline: none !important;\"><img id=\"\" dir=\"\" lang=\"\" style=\"box-sizing: border-box; margin: 0px; padding: 0px; border: 0px; font-style: inherit; font-variant: inherit; font-weight: inherit; font-stretch: inherit; line-height: inherit; font-family: inherit; vertical-align: baseline; max-width: 100%; outline: none !important; height: auto !important;\" title=\"\" src=\"https://www.depo.ua/uploads/posts/20191022/754x/zNIykYw9YsZdoEjo85LbBU1iAqziQGfd3k36M3Vq.jpeg\" alt=\"\" width=\"700\" height=\"466\" longdesc=\"https://www.depo.ua/ukr/politics/yak-zelenskiy-iz-korolyami-ta-korolevami-vitali-novogo-imperatora-yaponii-201910221049256\" /></p>\r\n<p style=\"box-sizing: border-box; margin: 20px 0px; padding: 0px; border: 0px; font-variant-numeric: inherit; font-variant-east-asian: inherit; font-stretch: inherit; line-height: 24px; font-family: PTSans-Regular, sans-serif; font-size: 18px; vertical-align: baseline; color: #000000; outline: none !important;\"><em style=\"box-sizing: border-box; margin: 0px; padding: 0px; border: 0px; font-variant: inherit; font-weight: inherit; font-stretch: inherit; line-height: inherit; font-family: inherit; vertical-align: baseline; outline: none !important;\">Президент Німеччини Франк-Вальтер Штайнмайєр із дружиною</em></p>\r\n<p style=\"box-sizing: border-box; margin: 20px 0px; padding: 0px; border: 0px; font-variant-numeric: inherit; font-variant-east-asian: inherit; font-stretch: inherit; line-height: 24px; font-family: PTSans-Regular, sans-serif; font-size: 18px; vertical-align: baseline; color: #000000; outline: none !important;\"><img id=\"\" dir=\"\" lang=\"\" style=\"box-sizing: border-box; margin: 0px; padding: 0px; border: 0px; font-style: inherit; font-variant: inherit; font-weight: inherit; font-stretch: inherit; line-height: inherit; font-family: inherit; vertical-align: baseline; max-width: 100%; outline: none !important; height: auto !important;\" title=\"\" src=\"https://www.depo.ua/uploads/posts/20191022/754x/LxqJIJSXKg9RkkIkkdlSiDpY7xwetDIv0koWi5GS.jpeg\" alt=\"\" width=\"700\" height=\"466\" longdesc=\"https://www.depo.ua/ukr/politics/yak-zelenskiy-iz-korolyami-ta-korolevami-vitali-novogo-imperatora-yaponii-201910221049256\" /></p>\r\n<p style=\"box-sizing: border-box; margin: 20px 0px; padding: 0px; border: 0px; font-variant-numeric: inherit; font-variant-east-asian: inherit; font-stretch: inherit; line-height: 24px; font-family: PTSans-Regular, sans-serif; font-size: 18px; vertical-align: baseline; color: #000000; outline: none !important;\"><em style=\"box-sizing: border-box; margin: 0px; padding: 0px; border: 0px; font-variant: inherit; font-weight: inherit; font-stretch: inherit; line-height: inherit; font-family: inherit; vertical-align: baseline; outline: none !important;\">Король Філіп та королева Матільда з Бельгії</em></p>\r\n<p style=\"box-sizing: border-box; margin: 20px 0px; padding: 0px; border: 0px; font-variant-numeric: inherit; font-variant-east-asian: inherit; font-stretch: inherit; line-height: 24px; font-family: PTSans-Regular, sans-serif; font-size: 18px; vertical-align: baseline; color: #000000; outline: none !important;\">&nbsp;</p>\r\n<p style=\"box-sizing: border-box; margin: 20px 0px; padding: 0px; border: 0px; font-variant-numeric: inherit; font-variant-east-asian: inherit; font-stretch: inherit; line-height: 24px; font-family: PTSans-Regular, sans-serif; font-size: 18px; vertical-align: baseline; color: #000000; outline: none !important;\"><em style=\"box-sizing: border-box; margin: 0px; padding: 0px; border: 0px; font-variant: inherit; font-weight: inherit; font-stretch: inherit; line-height: inherit; font-family: inherit; vertical-align: baseline; outline: none !important;\">Малайзійський султан Паханга з дружиною</em><img id=\"\" dir=\"\" lang=\"\" style=\"box-sizing: border-box; margin: 0px; padding: 0px; border: 0px; font-style: inherit; font-variant: inherit; font-weight: inherit; font-stretch: inherit; line-height: inherit; font-family: inherit; vertical-align: baseline; max-width: 100%; outline: none !important; height: auto !important;\" title=\"\" src=\"https://www.depo.ua/uploads/posts/20191022/754x/xO8dyesTM08XuUn2j415hb13lWFzjRFNs73XCxvo.jpeg\" alt=\"\" width=\"700\" height=\"466\" longdesc=\"https://www.depo.ua/ukr/politics/yak-zelenskiy-iz-korolyami-ta-korolevami-vitali-novogo-imperatora-yaponii-201910221049256\" /></p>', 'posts\\October2019\\WJDVnqkV4LR9ePowDOLw.png', 'gejshi-i-koroli-yak-zelens-kij-zi-shtajnmajyerom-vgitali-novogo-imperatora-yaponiyi', NULL, NULL, 'PUBLISHED', 1, '2019-10-22 08:55:41', '2019-10-22 08:59:21'),
(15, 1, 1, 'Слідчі поліції АРК оголосили підозру \"судді\" за вирок Умерову', NULL, 'Під процесуальним керівництвом прокуратури автономії повідомлено про підозру \"судді\" незаконно створеного \"Симферопольского районного суда Республики Крым\"', '<div class=\"openPost-content\" style=\"box-sizing: border-box; margin: 0px; padding: 0px; border: 0px; font-variant-numeric: inherit; font-variant-east-asian: inherit; font-stretch: inherit; line-height: inherit; font-family: PTSans-Regular, sans-serif; font-size: 16px; vertical-align: baseline; position: relative; color: #000000; outline: none !important;\">\r\n<p style=\"box-sizing: border-box; outline: none !important; margin: 20px 0px; padding: 0px; border: 0px; font-style: inherit; font-variant: inherit; font-weight: inherit; font-stretch: inherit; line-height: 24px; font-family: inherit; font-size: 18px; vertical-align: baseline;\">Про це повідомляє&nbsp;<a style=\"box-sizing: border-box; margin: 0px; padding: 0px; border: 0px; font-style: inherit; font-variant: inherit; font-weight: inherit; font-stretch: inherit; line-height: inherit; font-family: inherit; vertical-align: baseline; color: #ff6a00; text-decoration-line: none; cursor: pointer; outline: none !important;\" href=\"https://krym.depo.ua/\">Depo.Крим</a>&nbsp;з посиланням на пресслужбу прокуратури АРК.</p>\r\n<p style=\"box-sizing: border-box; outline: none !important; margin: 20px 0px; padding: 0px; border: 0px; font-style: inherit; font-variant: inherit; font-weight: inherit; font-stretch: inherit; line-height: 24px; font-family: inherit; font-size: 18px; vertical-align: baseline;\">Під процесуальним керівництвом прокуратури АР Крим слідчими СВ ГУНП в АР Крим та м. Севастополі повідомлено про підозру \"судді\" незаконно створеного \"Симферопольского районного суда Республики Крым\" за ст. 438 КК України, а саме порушення законів та звичаїв війни, що передбачені міжнародними договорами, згода на обов\'язковість яких надана Верховною Радою України.</p>\r\n<p style=\"box-sizing: border-box; outline: none !important; margin: 20px 0px; padding: 0px; border: 0px; font-style: inherit; font-variant: inherit; font-weight: inherit; font-stretch: inherit; line-height: 24px; font-family: inherit; font-size: 18px; vertical-align: baseline;\">Під час досудового розслідування здобуто докази причетності \"судді\" до порушення права на справедливий і офіційний судовий процес, передбаченого ст. 147 Конвенції про захист цивільного населення під час війни 1949 року та ч. 4 ст. 75 Протоколу І до Женевських конвенцій 1949 року щодо проукраїнського активіста за його виступ у прямому ефірі на одному з телеканалів.</p>\r\n<p style=\"box-sizing: border-box; outline: none !important; margin: 20px 0px; padding: 0px; border: 0px; font-style: inherit; font-variant: inherit; font-weight: inherit; font-stretch: inherit; line-height: 24px; font-family: inherit; font-size: 18px; vertical-align: baseline;\">Під час виступу активіст висловив позицію щодо необхідності повернення Україні територій АР Крим, Донецької та Луганської областей. У травні-вересні 2017 року зазначений \"суддя\", розглядаючи матеріали кримінальної справи, порушив право обвинуваченого використати всі необхідні права і засоби захисту.</p>\r\n<p style=\"box-sizing: border-box; outline: none !important; margin: 20px 0px; padding: 0px; border: 0px; font-style: inherit; font-variant: inherit; font-weight: inherit; font-stretch: inherit; line-height: 24px; font-family: inherit; font-size: 18px; vertical-align: baseline;\">В результаті 27 вересня 2017 року він виніс \"вирок\", відповідно до якого визнав активіста винним у вчиненні кримінального правопорушення, передбаченого ч. 2 ст. 280.1 КК Росії (публічні заклики до здійснення дій, спрямованих на порушення територіальної цілісності Росії).</p>\r\n<p style=\"box-sizing: border-box; outline: none !important; margin: 20px 0px; padding: 0px; border: 0px; font-style: inherit; font-variant: inherit; font-weight: inherit; font-stretch: inherit; line-height: 24px; font-family: inherit; font-size: 18px; vertical-align: baseline;\">Йдеться про вирок заступнику голови Меджлісу кримськотатарського народу Ільмі Умерову.</p>\r\n<p style=\"box-sizing: border-box; outline: none !important; margin: 20px 0px; padding: 0px; border: 0px; font-style: inherit; font-variant: inherit; font-weight: inherit; font-stretch: inherit; line-height: 24px; font-family: inherit; font-size: 18px; vertical-align: baseline;\">Нагадаємо, кримськотатарський активіст заявив, що на території&nbsp;<a style=\"box-sizing: border-box; margin: 0px; padding: 0px; border: 0px; font-style: inherit; font-variant: inherit; font-weight: inherit; font-stretch: inherit; line-height: inherit; font-family: inherit; vertical-align: baseline; color: #ff6a00; text-decoration-line: none; cursor: pointer; outline: none !important;\" href=\"https://www.depo.ua/ukr/life/umerov-nazvav-kilkist-zatrimanih-rosiyeyu-v-okupovanomu-krimu-politv-yazniv-20190215917201\">анексованого Криму</a>&nbsp;не припиняються репресії щодо нелояльних до російської влади громадян.</p>\r\n</div>\r\n<div class=\"openPost-more\" style=\"box-sizing: border-box; margin: 25px 0px 10px; padding: 0px; border: 0px; font-variant-numeric: inherit; font-variant-east-asian: inherit; font-stretch: inherit; line-height: inherit; font-family: PTSans-Regular, sans-serif; font-size: 16px; vertical-align: baseline; color: #000000; outline: none !important;\">\r\n<p style=\"box-sizing: border-box; margin: 0px; padding: 0px; border: 0px; font-style: italic; font-variant: inherit; font-stretch: inherit; line-height: 28px; font-family: \'PT sans\'; font-size: 19px; vertical-align: baseline; outline: none !important;\">Більше новин про події у світі читайте на&nbsp;<a style=\"box-sizing: border-box; margin: 0px; padding: 0px; border: 0px; font-variant: inherit; font-stretch: inherit; line-height: 28px; vertical-align: baseline; color: #ff6a00; display: inline-block; text-decoration-line: none; outline: none !important;\" href=\"https://krym.depo.ua/\">Depo.Крим</a></p>\r\n</div>\r\n<div class=\"openPost-follow\" style=\"box-sizing: border-box; margin: 20px 0px 10px; padding: 0px; border: 0px; font-variant-numeric: inherit; font-variant-east-asian: inherit; font-stretch: inherit; line-height: inherit; font-family: PTSans-Regular, sans-serif; font-size: 16px; vertical-align: baseline; color: #000000; outline: none !important;\">\r\n<p style=\"box-sizing: border-box; margin: 0px; padding: 0px; border: 0px; font-style: italic; font-variant: inherit; font-stretch: inherit; line-height: 28px; font-family: \'PT sans\'; font-size: 19px; vertical-align: baseline; outline: none !important;\">Слідкуйте за новинами у&nbsp;<a style=\"box-sizing: border-box; margin: 0px; padding: 0px; border: 0px; font-variant: inherit; font-stretch: inherit; line-height: 28px; vertical-align: baseline; color: #ff6a00; display: inline-block; text-decoration-line: none; outline: none !important;\" href=\"https://t.me/depoua\" target=\"_blank\" rel=\"noopener\">Телеграм</a></p>\r\n<p style=\"box-sizing: border-box; margin: 0px; padding: 0px; border: 0px; font-style: italic; font-variant: inherit; font-stretch: inherit; line-height: 28px; font-family: \'PT sans\'; font-size: 19px; vertical-align: baseline; outline: none !important;\">Підписуйтеся на нашу сторінку у&nbsp;<a style=\"box-sizing: border-box; margin: 0px; padding: 0px; border: 0px; font-variant: inherit; font-stretch: inherit; line-height: 28px; vertical-align: baseline; color: #ff6a00; display: inline-block; text-decoration-line: none; outline: none !important;\" href=\"https://www.facebook.com/depoua\" target=\"_blank\" rel=\"noopener\">Facebook</a></p>\r\n</div>', 'posts\\October2019\\XoESjWnPgHO2wouOf9l6.jpg', 'slidchi-policiyfi-ark-ogolosili-pidozru-suddi-za-virok-umerovu', NULL, NULL, 'PUBLISHED', 1, '2019-10-22 09:04:27', '2019-10-22 09:04:27'),
(16, 1, 1, 'В Україні змінили процедуру отримання посвідчення водія', NULL, 'В Україні набула чинності постанова Кабміну, згідно з якою змінились процедури видачі посвідчень водія, підготовки водіїв та акредитації автошкіл', '<div class=\"openPost-content\" style=\"box-sizing: border-box; margin: 0px; padding: 0px; border: 0px; font-variant-numeric: inherit; font-variant-east-asian: inherit; font-stretch: inherit; line-height: inherit; font-family: PTSans-Regular, sans-serif; font-size: 16px; vertical-align: baseline; position: relative; color: #000000; outline: none !important;\">\r\n<p style=\"box-sizing: border-box; outline: none !important; margin: 20px 0px; padding: 0px; border: 0px; font-style: inherit; font-variant: inherit; font-weight: inherit; font-stretch: inherit; line-height: 24px; font-family: inherit; font-size: 18px; vertical-align: baseline;\">Про це інформує&nbsp;<a style=\"box-sizing: border-box; margin: 0px; padding: 0px; border: 0px; font-style: inherit; font-variant: inherit; font-weight: inherit; font-stretch: inherit; line-height: inherit; font-family: inherit; vertical-align: baseline; color: #ff6a00; text-decoration-line: none; cursor: pointer; outline: none !important;\" href=\"https://www.depo.ua/\">Depo.ua</a>&nbsp;з посиланням на&nbsp;<a style=\"box-sizing: border-box; margin: 0px; padding: 0px; border: 0px; font-style: inherit; font-variant: inherit; font-weight: inherit; font-stretch: inherit; line-height: inherit; font-family: inherit; vertical-align: baseline; color: #ff6a00; text-decoration-line: none; cursor: pointer; outline: none !important;\" href=\"http://hsc.gov.ua/2019/10/22/zminilis-protseduri-vidachi-posvidchen-vodiya-pidgotovki-vodiyiv-ta-akreditatsiyi-avtoshkil/?fbclid=IwAR1qBb9nCed22U923W32q9lTxlPf6hkzgiaW_TklK-KhYRjYxH3Npv7RV0I\" target=\"_blank\" rel=\"noopener\">пресслужбу</a>&nbsp;Головного сервісного центру МВС.</p>\r\n<p style=\"box-sizing: border-box; outline: none !important; margin: 20px 0px; padding: 0px; border: 0px; font-style: inherit; font-variant: inherit; font-weight: inherit; font-stretch: inherit; line-height: 24px; font-family: inherit; font-size: 18px; vertical-align: baseline;\">Серед основних нововведень, які стосуються процедури підготовки водіїв: допускається індивідуальний порядок підготовки, перепідготовки та підвищення кваліфікації водіїв; практичний іспит складають у територіальному центрі МВС, в якому успішно складено теоретичний іспит.</p>\r\n<p style=\"box-sizing: border-box; outline: none !important; margin: 20px 0px; padding: 0px; border: 0px; font-style: inherit; font-variant: inherit; font-weight: inherit; font-stretch: inherit; line-height: 24px; font-family: inherit; font-size: 18px; vertical-align: baseline;\">Також серед нововведень те, що термін дії свідоцтва про закінчення автошколи скорочено з 10 до 2-х років; з\'являється можливість застосування фото- та відеофіксації під час складання іспитів.</p>\r\n<p style=\"box-sizing: border-box; outline: none !important; margin: 20px 0px; padding: 0px; border: 0px; font-style: inherit; font-variant: inherit; font-weight: inherit; font-stretch: inherit; line-height: 24px; font-family: inherit; font-size: 18px; vertical-align: baseline;\">Водночас, свідоцтво про закінчення закладу з підготовки, перепідготовки й підвищення кваліфікації водіїв в паперовому вигляді випускникам автошкіл не видаватиметься &ndash;&nbsp;натомість воно в електронному вигляді вноситиметься закладом до Єдиного держреєстру МВС.</p>\r\n<p style=\"box-sizing: border-box; outline: none !important; margin: 20px 0px; padding: 0px; border: 0px; font-style: inherit; font-variant: inherit; font-weight: inherit; font-stretch: inherit; line-height: 24px; font-family: inherit; font-size: 18px; vertical-align: baseline;\">Окрім того, як зазначається, в процедурі взаємодії територіальних органів з надання сервісних послуг МВС із закладами з підготовки водіїв запроваджено електронний обмін інформацією.</p>\r\n<p style=\"box-sizing: border-box; outline: none !important; margin: 20px 0px; padding: 0px; border: 0px; font-style: inherit; font-variant: inherit; font-weight: inherit; font-stretch: inherit; line-height: 24px; font-family: inherit; font-size: 18px; vertical-align: baseline;\">Зокрема, викладачі та інструктори з водіння будуть зобов&rsquo;язані вносити у спеціальний електронний журнал інформацію про час проведення теоретичних та практичних занять, а також транспортний засіб, на якому здійснюватиметься практичне заняття.</p>\r\n<p style=\"box-sizing: border-box; outline: none !important; margin: 20px 0px; padding: 0px; border: 0px; font-style: inherit; font-variant: inherit; font-weight: inherit; font-stretch: inherit; line-height: 24px; font-family: inherit; font-size: 18px; vertical-align: baseline;\">У Головному сервісному центрі наголосили, що нововведення покликане покращити організацію навчального процесу та запровадити моніторинг за навчанням кожного слухача.</p>\r\n<p style=\"box-sizing: border-box; outline: none !important; margin: 20px 0px; padding: 0px; border: 0px; font-style: inherit; font-variant: inherit; font-weight: inherit; font-stretch: inherit; line-height: 24px; font-family: inherit; font-size: 18px; vertical-align: baseline;\">\"Нормативними змінами також передбачено, що всі випускники, які закінчили навчання з підготовки водіїв у закладах професійно-технічної освіти, допускаються до складання іспитів без додаткового навчання в автошколі\", &ndash;&nbsp;уточнюється у повідомленні.</p>\r\n<p style=\"box-sizing: border-box; outline: none !important; margin: 20px 0px; padding: 0px; border: 0px; font-style: inherit; font-variant: inherit; font-weight: inherit; font-stretch: inherit; line-height: 24px; font-family: inherit; font-size: 18px; vertical-align: baseline;\">Зазначається, що також змінилася процедура акредитації автошкіл.</p>\r\n<p style=\"box-sizing: border-box; outline: none !important; margin: 20px 0px; padding: 0px; border: 0px; font-style: inherit; font-variant: inherit; font-weight: inherit; font-stretch: inherit; line-height: 24px; font-family: inherit; font-size: 18px; vertical-align: baseline;\">Зокрема, відбулася передача функції акредитації закладів від Головного сервісного центру МВС до регіональних сервісних центрів МВС, що дало можливість скоротити час проходження цієї процедури, оскільки документи розглядатимуться за місцем розташування таких закладів.</p>\r\n<p style=\"box-sizing: border-box; outline: none !important; margin: 20px 0px; padding: 0px; border: 0px; font-style: inherit; font-variant: inherit; font-weight: inherit; font-stretch: inherit; line-height: 24px; font-family: inherit; font-size: 18px; vertical-align: baseline;\">Також учточнюється, що це дозволить суб&rsquo;єктам господарювання заощадити кошти на транспортних витратах.</p>\r\n<p style=\"box-sizing: border-box; outline: none !important; margin: 20px 0px; padding: 0px; border: 0px; font-style: inherit; font-variant: inherit; font-weight: inherit; font-stretch: inherit; line-height: 24px; font-family: inherit; font-size: 18px; vertical-align: baseline;\">\"Ураховуючи викладене, з 19 жовтня 2019 року: заяви про затвердження робочих програм і планів закладу подаються до РСЦ МВС (за місцезнаходженням закладу); заяви про проведення обстеження матеріально-технічної бази закладу подаються до ТСЦ МВС (за місцезнаходженням закладу); заяви та відповідні матеріали для проведення державної акредитації закладу подаються до РСЦ МВС (за місцезнаходженням закладу)\", &ndash;&nbsp;зазначається у повідомленні.</p>\r\n<p style=\"box-sizing: border-box; outline: none !important; margin: 20px 0px; padding: 0px; border: 0px; font-style: inherit; font-variant: inherit; font-weight: inherit; font-stretch: inherit; line-height: 24px; font-family: inherit; font-size: 18px; vertical-align: baseline;\">Постановою також передбачено, що сертифікати про державну акредитацію, видані після 5 липня 2016 року закладам, акредитованим Головним сервісним центром МВС, вважаються безстроковими, повідомляє пресслужба.</p>\r\n<p style=\"box-sizing: border-box; outline: none !important; margin: 20px 0px; padding: 0px; border: 0px; font-style: inherit; font-variant: inherit; font-weight: inherit; font-stretch: inherit; line-height: 24px; font-family: inherit; font-size: 18px; vertical-align: baseline;\">Постанова набрала чинності 19 жовтня.&nbsp;</p>\r\n<p style=\"box-sizing: border-box; outline: none !important; margin: 20px 0px; padding: 0px; border: 0px; font-style: inherit; font-variant: inherit; font-weight: inherit; font-stretch: inherit; line-height: 24px; font-family: inherit; font-size: 18px; vertical-align: baseline;\">Нагадаємо, 16 жовтня стало відомо, що&nbsp;<a style=\"box-sizing: border-box; margin: 0px; padding: 0px; border: 0px; font-style: inherit; font-variant: inherit; font-weight: inherit; font-stretch: inherit; line-height: inherit; font-family: inherit; vertical-align: baseline; color: #ff6a00; text-decoration-line: none; cursor: pointer; outline: none !important;\" href=\"https://www.depo.ua/ukr/svit/ukrainski-vodiyski-prava-viznae-velika-britaniya-ta-frantsiya-201910161046085\">Британія та Франція можуть визнати українські водійські посвідчення</a>.</p>\r\n</div>\r\n<div class=\"openPost-more\" style=\"box-sizing: border-box; margin: 25px 0px 10px; padding: 0px; border: 0px; font-variant-numeric: inherit; font-variant-east-asian: inherit; font-stretch: inherit; line-height: inherit; font-family: PTSans-Regular, sans-serif; font-size: 16px; vertical-align: baseline; color: #000000; outline: none !important;\">\r\n<p style=\"box-sizing: border-box; margin: 0px; padding: 0px; border: 0px; font-style: italic; font-variant: inherit; font-stretch: inherit; line-height: 28px; font-family: \'PT sans\'; font-size: 19px; vertical-align: baseline; outline: none !important;\">Більше новин про події у світі читайте на&nbsp;<a style=\"box-sizing: border-box; margin: 0px; padding: 0px; border: 0px; font-variant: inherit; font-stretch: inherit; line-height: 28px; vertical-align: baseline; color: #ff6a00; display: inline-block; text-decoration-line: none; outline: none !important;\" href=\"https://www.depo.ua/\">Depo.Головна</a></p>\r\n</div>\r\n<div class=\"openPost-follow\" style=\"box-sizing: border-box; margin: 20px 0px 10px; padding: 0px; border: 0px; font-variant-numeric: inherit; font-variant-east-asian: inherit; font-stretch: inherit; line-height: inherit; font-family: PTSans-Regular, sans-serif; font-size: 16px; vertical-align: baseline; color: #000000; outline: none !important;\">\r\n<p style=\"box-sizing: border-box; margin: 0px; padding: 0px; border: 0px; font-style: italic; font-variant: inherit; font-stretch: inherit; line-height: 28px; font-family: \'PT sans\'; font-size: 19px; vertical-align: baseline; outline: none !important;\">Слідкуйте за новинами у&nbsp;<a style=\"box-sizing: border-box; margin: 0px; padding: 0px; border: 0px; font-variant: inherit; font-stretch: inherit; line-height: 28px; vertical-align: baseline; color: #ff6a00; display: inline-block; text-decoration-line: none; outline: none !important;\" href=\"https://t.me/depoua\" target=\"_blank\" rel=\"noopener\">Телеграм</a></p>\r\n<p style=\"box-sizing: border-box; margin: 0px; padding: 0px; border: 0px; font-style: italic; font-variant: inherit; font-stretch: inherit; line-height: 28px; font-family: \'PT sans\'; font-size: 19px; vertical-align: baseline; outline: none !important;\">Підписуйтеся на нашу сторінку у&nbsp;<a style=\"box-sizing: border-box; margin: 0px; padding: 0px; border: 0px; font-variant: inherit; font-stretch: inherit; line-height: 28px; vertical-align: baseline; color: #ff6a00; display: inline-block; text-decoration-line: none; outline: none !important;\" href=\"https://www.facebook.com/depoua\" target=\"_blank\" rel=\"noopener\">Facebook</a></p>\r\n</div>', 'posts\\October2019\\O037WfySZEURmSuMhJh8.jpg', 'v-ukrayini-zmdginili-proceduru-otrimannya-posvidchennya-vodiya', NULL, NULL, 'PUBLISHED', 1, '2019-10-22 09:15:17', '2019-10-22 09:15:17'),
(17, 1, 1, 'В Україні змінили процедуру отримання посвідчення водія', NULL, 'В Україні набула чинності постанова Кабміну, згідно з якою змінились процедури видачі посвідчень водія, підготовки водіїв та акредитації автошкіл', '<div class=\"openPost-content\" style=\"box-sizing: border-box; margin: 0px; padding: 0px; border: 0px; font-variant-numeric: inherit; font-variant-east-asian: inherit; font-stretch: inherit; line-height: inherit; font-family: PTSans-Regular, sans-serif; font-size: 16px; vertical-align: baseline; position: relative; color: #000000; outline: none !important;\">\r\n<p style=\"box-sizing: border-box; outline: none !important; margin: 20px 0px; padding: 0px; border: 0px; font-style: inherit; font-variant: inherit; font-weight: inherit; font-stretch: inherit; line-height: 24px; font-family: inherit; font-size: 18px; vertical-align: baseline;\">Про це інформує&nbsp;<a style=\"box-sizing: border-box; margin: 0px; padding: 0px; border: 0px; font-style: inherit; font-variant: inherit; font-weight: inherit; font-stretch: inherit; line-height: inherit; font-family: inherit; vertical-align: baseline; color: #ff6a00; text-decoration-line: none; cursor: pointer; outline: none !important;\" href=\"https://www.depo.ua/\">Depo.ua</a>&nbsp;з посиланням на&nbsp;<a style=\"box-sizing: border-box; margin: 0px; padding: 0px; border: 0px; font-style: inherit; font-variant: inherit; font-weight: inherit; font-stretch: inherit; line-height: inherit; font-family: inherit; vertical-align: baseline; color: #ff6a00; text-decoration-line: none; cursor: pointer; outline: none !important;\" href=\"http://hsc.gov.ua/2019/10/22/zminilis-protseduri-vidachi-posvidchen-vodiya-pidgotovki-vodiyiv-ta-akreditatsiyi-avtoshkil/?fbclid=IwAR1qBb9nCed22U923W32q9lTxlPf6hkzgiaW_TklK-KhYRjYxH3Npv7RV0I\" target=\"_blank\" rel=\"noopener\">пресслужбу</a>&nbsp;Головного сервісного центру МВС.</p>\r\n<p style=\"box-sizing: border-box; outline: none !important; margin: 20px 0px; padding: 0px; border: 0px; font-style: inherit; font-variant: inherit; font-weight: inherit; font-stretch: inherit; line-height: 24px; font-family: inherit; font-size: 18px; vertical-align: baseline;\">Серед основних нововведень, які стосуються процедури підготовки водіїв: допускається індивідуальний порядок підготовки, перепідготовки та підвищення кваліфікації водіїв; практичний іспит складають у територіальному центрі МВС, в якому успішно складено теоретичний іспит.</p>\r\n<p style=\"box-sizing: border-box; outline: none !important; margin: 20px 0px; padding: 0px; border: 0px; font-style: inherit; font-variant: inherit; font-weight: inherit; font-stretch: inherit; line-height: 24px; font-family: inherit; font-size: 18px; vertical-align: baseline;\">Також серед нововведень те, що термін дії свідоцтва про закінчення автошколи скорочено з 10 до 2-х років; з\'являється можливість застосування фото- та відеофіксації під час складання іспитів.</p>\r\n<p style=\"box-sizing: border-box; outline: none !important; margin: 20px 0px; padding: 0px; border: 0px; font-style: inherit; font-variant: inherit; font-weight: inherit; font-stretch: inherit; line-height: 24px; font-family: inherit; font-size: 18px; vertical-align: baseline;\">Водночас, свідоцтво про закінчення закладу з підготовки, перепідготовки й підвищення кваліфікації водіїв в паперовому вигляді випускникам автошкіл не видаватиметься &ndash;&nbsp;натомість воно в електронному вигляді вноситиметься закладом до Єдиного держреєстру МВС.</p>\r\n<p style=\"box-sizing: border-box; outline: none !important; margin: 20px 0px; padding: 0px; border: 0px; font-style: inherit; font-variant: inherit; font-weight: inherit; font-stretch: inherit; line-height: 24px; font-family: inherit; font-size: 18px; vertical-align: baseline;\">Окрім того, як зазначається, в процедурі взаємодії територіальних органів з надання сервісних послуг МВС із закладами з підготовки водіїв запроваджено електронний обмін інформацією.</p>\r\n<p style=\"box-sizing: border-box; outline: none !important; margin: 20px 0px; padding: 0px; border: 0px; font-style: inherit; font-variant: inherit; font-weight: inherit; font-stretch: inherit; line-height: 24px; font-family: inherit; font-size: 18px; vertical-align: baseline;\">Зокрема, викладачі та інструктори з водіння будуть зобов&rsquo;язані вносити у спеціальний електронний журнал інформацію про час проведення теоретичних та практичних занять, а також транспортний засіб, на якому здійснюватиметься практичне заняття.</p>\r\n<p style=\"box-sizing: border-box; outline: none !important; margin: 20px 0px; padding: 0px; border: 0px; font-style: inherit; font-variant: inherit; font-weight: inherit; font-stretch: inherit; line-height: 24px; font-family: inherit; font-size: 18px; vertical-align: baseline;\">У Головному сервісному центрі наголосили, що нововведення покликане покращити організацію навчального процесу та запровадити моніторинг за навчанням кожного слухача.</p>\r\n<p style=\"box-sizing: border-box; outline: none !important; margin: 20px 0px; padding: 0px; border: 0px; font-style: inherit; font-variant: inherit; font-weight: inherit; font-stretch: inherit; line-height: 24px; font-family: inherit; font-size: 18px; vertical-align: baseline;\">\"Нормативними змінами також передбачено, що всі випускники, які закінчили навчання з підготовки водіїв у закладах професійно-технічної освіти, допускаються до складання іспитів без додаткового навчання в автошколі\", &ndash;&nbsp;уточнюється у повідомленні.</p>\r\n<p style=\"box-sizing: border-box; outline: none !important; margin: 20px 0px; padding: 0px; border: 0px; font-style: inherit; font-variant: inherit; font-weight: inherit; font-stretch: inherit; line-height: 24px; font-family: inherit; font-size: 18px; vertical-align: baseline;\">Зазначається, що також змінилася процедура акредитації автошкіл.</p>\r\n<p style=\"box-sizing: border-box; outline: none !important; margin: 20px 0px; padding: 0px; border: 0px; font-style: inherit; font-variant: inherit; font-weight: inherit; font-stretch: inherit; line-height: 24px; font-family: inherit; font-size: 18px; vertical-align: baseline;\">Зокрема, відбулася передача функції акредитації закладів від Головного сервісного центру МВС до регіональних сервісних центрів МВС, що дало можливість скоротити час проходження цієї процедури, оскільки документи розглядатимуться за місцем розташування таких закладів.</p>\r\n<p style=\"box-sizing: border-box; outline: none !important; margin: 20px 0px; padding: 0px; border: 0px; font-style: inherit; font-variant: inherit; font-weight: inherit; font-stretch: inherit; line-height: 24px; font-family: inherit; font-size: 18px; vertical-align: baseline;\">Також учточнюється, що це дозволить суб&rsquo;єктам господарювання заощадити кошти на транспортних витратах.</p>\r\n<p style=\"box-sizing: border-box; outline: none !important; margin: 20px 0px; padding: 0px; border: 0px; font-style: inherit; font-variant: inherit; font-weight: inherit; font-stretch: inherit; line-height: 24px; font-family: inherit; font-size: 18px; vertical-align: baseline;\">\"Ураховуючи викладене, з 19 жовтня 2019 року: заяви про затвердження робочих програм і планів закладу подаються до РСЦ МВС (за місцезнаходженням закладу); заяви про проведення обстеження матеріально-технічної бази закладу подаються до ТСЦ МВС (за місцезнаходженням закладу); заяви та відповідні матеріали для проведення державної акредитації закладу подаються до РСЦ МВС (за місцезнаходженням закладу)\", &ndash;&nbsp;зазначається у повідомленні.</p>\r\n<p style=\"box-sizing: border-box; outline: none !important; margin: 20px 0px; padding: 0px; border: 0px; font-style: inherit; font-variant: inherit; font-weight: inherit; font-stretch: inherit; line-height: 24px; font-family: inherit; font-size: 18px; vertical-align: baseline;\">Постановою також передбачено, що сертифікати про державну акредитацію, видані після 5 липня 2016 року закладам, акредитованим Головним сервісним центром МВС, вважаються безстроковими, повідомляє пресслужба.</p>\r\n<p style=\"box-sizing: border-box; outline: none !important; margin: 20px 0px; padding: 0px; border: 0px; font-style: inherit; font-variant: inherit; font-weight: inherit; font-stretch: inherit; line-height: 24px; font-family: inherit; font-size: 18px; vertical-align: baseline;\">Постанова набрала чинності 19 жовтня.&nbsp;</p>\r\n<p style=\"box-sizing: border-box; outline: none !important; margin: 20px 0px; padding: 0px; border: 0px; font-style: inherit; font-variant: inherit; font-weight: inherit; font-stretch: inherit; line-height: 24px; font-family: inherit; font-size: 18px; vertical-align: baseline;\">Нагадаємо, 16 жовтня стало відомо, що&nbsp;<a style=\"box-sizing: border-box; margin: 0px; padding: 0px; border: 0px; font-style: inherit; font-variant: inherit; font-weight: inherit; font-stretch: inherit; line-height: inherit; font-family: inherit; vertical-align: baseline; color: #ff6a00; text-decoration-line: none; cursor: pointer; outline: none !important;\" href=\"https://www.depo.ua/ukr/svit/ukrainski-vodiyski-prava-viznae-velika-britaniya-ta-frantsiya-201910161046085\">Британія та Франція можуть визнати українські водійські посвідчення</a>.</p>\r\n</div>\r\n<div class=\"openPost-more\" style=\"box-sizing: border-box; margin: 25px 0px 10px; padding: 0px; border: 0px; font-variant-numeric: inherit; font-variant-east-asian: inherit; font-stretch: inherit; line-height: inherit; font-family: PTSans-Regular, sans-serif; font-size: 16px; vertical-align: baseline; color: #000000; outline: none !important;\">\r\n<p style=\"box-sizing: border-box; margin: 0px; padding: 0px; border: 0px; font-style: italic; font-variant: inherit; font-stretch: inherit; line-height: 28px; font-family: \'PT sans\'; font-size: 19px; vertical-align: baseline; outline: none !important;\">Більше новин про події у світі читайте на&nbsp;<a style=\"box-sizing: border-box; margin: 0px; padding: 0px; border: 0px; font-variant: inherit; font-stretch: inherit; line-height: 28px; vertical-align: baseline; color: #ff6a00; display: inline-block; text-decoration-line: none; outline: none !important;\" href=\"https://www.depo.ua/\">Depo.Головна</a></p>\r\n</div>\r\n<div class=\"openPost-follow\" style=\"box-sizing: border-box; margin: 20px 0px 10px; padding: 0px; border: 0px; font-variant-numeric: inherit; font-variant-east-asian: inherit; font-stretch: inherit; line-height: inherit; font-family: PTSans-Regular, sans-serif; font-size: 16px; vertical-align: baseline; color: #000000; outline: none !important;\">\r\n<p style=\"box-sizing: border-box; margin: 0px; padding: 0px; border: 0px; font-style: italic; font-variant: inherit; font-stretch: inherit; line-height: 28px; font-family: \'PT sans\'; font-size: 19px; vertical-align: baseline; outline: none !important;\">Слідкуйте за новинами у&nbsp;<a style=\"box-sizing: border-box; margin: 0px; padding: 0px; border: 0px; font-variant: inherit; font-stretch: inherit; line-height: 28px; vertical-align: baseline; color: #ff6a00; display: inline-block; text-decoration-line: none; outline: none !important;\" href=\"https://t.me/depoua\" target=\"_blank\" rel=\"noopener\">Телеграм</a></p>\r\n<p style=\"box-sizing: border-box; margin: 0px; padding: 0px; border: 0px; font-style: italic; font-variant: inherit; font-stretch: inherit; line-height: 28px; font-family: \'PT sans\'; font-size: 19px; vertical-align: baseline; outline: none !important;\">Підписуйтеся на нашу сторінку у&nbsp;<a style=\"box-sizing: border-box; margin: 0px; padding: 0px; border: 0px; font-variant: inherit; font-stretch: inherit; line-height: 28px; vertical-align: baseline; color: #ff6a00; display: inline-block; text-decoration-line: none; outline: none !important;\" href=\"https://www.facebook.com/depoua\" target=\"_blank\" rel=\"noopener\">Facebook</a></p>\r\n</div>', 'posts\\October2019\\O037WfySZEURmSuMhJh8.jpg', 'v-ukrayini-zminili-proceduru-otrimannya-posvidchennya-vodiydg', NULL, NULL, 'PUBLISHED', 1, '2019-10-22 09:15:17', '2019-10-22 09:15:17');
INSERT INTO `posts` (`id`, `author_id`, `category_id`, `title`, `seo_title`, `excerpt`, `body`, `image`, `slug`, `meta_description`, `meta_keywords`, `status`, `featured`, `created_at`, `updated_at`) VALUES
(18, 1, 1, 'Гейші і королі: Як Зеленський зі Штайнмайєром вітали нового імператора Японії', NULL, 'На церемонію інтронізації нового японського імператора Нарухіто з\'їхалися лідери близько 200 країн, серед яких – президент України Володимир Зеленський з дружиною', '<p style=\"box-sizing: border-box; margin: 20px 0px; padding: 0px; border: 0px; font-variant-numeric: inherit; font-variant-east-asian: inherit; font-stretch: inherit; line-height: 24px; font-family: PTSans-Regular, sans-serif; font-size: 18px; vertical-align: baseline; color: #000000; outline: none !important;\">Дійство відбулося&nbsp;в найпочеснішому \"Сосновому залі\" імператорського палацу, що знаходиться в Токіо.&nbsp;</p>\r\n<p style=\"box-sizing: border-box; margin: 20px 0px; padding: 0px; border: 0px; font-variant-numeric: inherit; font-variant-east-asian: inherit; font-stretch: inherit; line-height: 24px; font-family: PTSans-Regular, sans-serif; font-size: 18px; vertical-align: baseline; color: #000000; outline: none !important;\">Нарухіто &ndash;&nbsp;<a style=\"box-sizing: border-box; margin: 0px; padding: 0px; border: 0px; font-style: inherit; font-variant: inherit; font-weight: inherit; font-stretch: inherit; line-height: inherit; font-family: inherit; vertical-align: baseline; color: #ff6a00; text-decoration-line: none; cursor: pointer; outline: none !important;\" href=\"https://www.depo.ua/ukr/politics/yaponiya-otrimala-novogo-imperatora-shcho-vidomo-pro-narukhito-201910221049074\">старший син імператора Акіхіто і наслідний принц Японії</a>, якого було оголошено імператором 1 травня 2019 року.</p>\r\n<p style=\"box-sizing: border-box; margin: 20px 0px; padding: 0px; border: 0px; font-variant-numeric: inherit; font-variant-east-asian: inherit; font-stretch: inherit; line-height: 24px; font-family: PTSans-Regular, sans-serif; font-size: 18px; vertical-align: baseline; color: #000000; outline: none !important;\">Попередній раз японський&nbsp;імператор зійшов на трон 30 років тому &ndash;&nbsp;себто, Зеленський став першим президентом України, який побував на церемонії.&nbsp;</p>\r\n<p style=\"box-sizing: border-box; margin: 20px 0px; padding: 0px; border: 0px; font-variant-numeric: inherit; font-variant-east-asian: inherit; font-stretch: inherit; line-height: 24px; font-family: PTSans-Regular, sans-serif; font-size: 18px; vertical-align: baseline; color: #000000; outline: none !important;\">\"Проведення стародавнього обряду в сучасній Японії є прикладом того, як в одній державі можуть співіснувати і глибока повага до традицій, і впровадження новітніх високих технологій для поліпшення життя кожної людини\", &ndash; цитують Зеленського в офіційному telegram-каналі Офісу президента.&nbsp;</p>\r\n<p style=\"box-sizing: border-box; margin: 20px 0px; padding: 0px; border: 0px; font-variant-numeric: inherit; font-variant-east-asian: inherit; font-stretch: inherit; line-height: 24px; font-family: PTSans-Regular, sans-serif; font-size: 18px; vertical-align: baseline; color: #000000; outline: none !important;\"><a style=\"box-sizing: border-box; margin: 0px; padding: 0px; border: 0px; font-style: inherit; font-variant: inherit; font-weight: inherit; font-stretch: inherit; line-height: inherit; font-family: inherit; vertical-align: baseline; color: #ff6a00; text-decoration-line: none; cursor: pointer; outline: none !important;\" href=\"https://www.depo.ua/\">Depo.ua</a>&nbsp;зібрав яскраві світлини з церемонії.&nbsp;</p>\r\n<p style=\"box-sizing: border-box; margin: 20px 0px; padding: 0px; border: 0px; font-variant-numeric: inherit; font-variant-east-asian: inherit; font-stretch: inherit; line-height: 24px; font-family: PTSans-Regular, sans-serif; font-size: 18px; vertical-align: baseline; color: #000000; outline: none !important;\"><img id=\"\" dir=\"\" lang=\"\" style=\"box-sizing: border-box; margin: 0px; padding: 0px; border: 0px; font-style: inherit; font-variant: inherit; font-weight: inherit; font-stretch: inherit; line-height: inherit; font-family: inherit; vertical-align: baseline; max-width: 100%; outline: none !important; height: auto !important;\" title=\"\" src=\"https://www.depo.ua/uploads/posts/20191022/754x/eUJya4xctZyIoMSpTQv7cqabNupRAqBPx7YVPMv1.png\" alt=\"\" width=\"779\" height=\"538\" longdesc=\"https://www.depo.ua/ukr/politics/yak-zelenskiy-iz-korolyami-ta-korolevami-vitali-novogo-imperatora-yaponii-201910221049256\" /></p>\r\n<p style=\"box-sizing: border-box; margin: 20px 0px; padding: 0px; border: 0px; font-variant-numeric: inherit; font-variant-east-asian: inherit; font-stretch: inherit; line-height: 24px; font-family: PTSans-Regular, sans-serif; font-size: 18px; vertical-align: baseline; color: #000000; outline: none !important;\"><img id=\"\" dir=\"\" lang=\"\" style=\"box-sizing: border-box; margin: 0px; padding: 0px; border: 0px; font-style: inherit; font-variant: inherit; font-weight: inherit; font-stretch: inherit; line-height: inherit; font-family: inherit; vertical-align: baseline; max-width: 100%; outline: none !important; height: auto !important;\" title=\"\" src=\"https://www.depo.ua/uploads/posts/20191022/754x/UO1MLNhvcaaBigGi7j1gxloHbuUnOPtpgi2KmTFF.jpeg\" alt=\"\" width=\"700\" height=\"623\" longdesc=\"https://www.depo.ua/ukr/politics/yak-zelenskiy-iz-korolyami-ta-korolevami-vitali-novogo-imperatora-yaponii-201910221049256\" /></p>\r\n<p style=\"box-sizing: border-box; margin: 20px 0px; padding: 0px; border: 0px; font-variant-numeric: inherit; font-variant-east-asian: inherit; font-stretch: inherit; line-height: 24px; font-family: PTSans-Regular, sans-serif; font-size: 18px; vertical-align: baseline; color: #000000; outline: none !important;\"><em style=\"box-sizing: border-box; margin: 0px; padding: 0px; border: 0px; font-variant: inherit; font-weight: inherit; font-stretch: inherit; line-height: inherit; font-family: inherit; vertical-align: baseline; outline: none !important;\">Принц Чарльз та принцеса Мері з Данії</em></p>\r\n<p style=\"box-sizing: border-box; margin: 20px 0px; padding: 0px; border: 0px; font-variant-numeric: inherit; font-variant-east-asian: inherit; font-stretch: inherit; line-height: 24px; font-family: PTSans-Regular, sans-serif; font-size: 18px; vertical-align: baseline; color: #000000; outline: none !important;\"><img id=\"\" dir=\"\" lang=\"\" style=\"box-sizing: border-box; margin: 0px; padding: 0px; border: 0px; font-style: inherit; font-variant: inherit; font-weight: inherit; font-stretch: inherit; line-height: inherit; font-family: inherit; vertical-align: baseline; max-width: 100%; outline: none !important; height: auto !important;\" title=\"\" src=\"https://www.depo.ua/uploads/posts/20191022/754x/zkFjIdiXFK7zAx31f9A0O15R7QAi6OhHJnRp5jgA.jpeg\" alt=\"\" width=\"700\" height=\"466\" longdesc=\"https://www.depo.ua/ukr/politics/yak-zelenskiy-iz-korolyami-ta-korolevami-vitali-novogo-imperatora-yaponii-201910221049256\" /></p>\r\n<p style=\"box-sizing: border-box; margin: 20px 0px; padding: 0px; border: 0px; font-variant-numeric: inherit; font-variant-east-asian: inherit; font-stretch: inherit; line-height: 24px; font-family: PTSans-Regular, sans-serif; font-size: 18px; vertical-align: baseline; color: #000000; outline: none !important;\"><img id=\"\" dir=\"\" lang=\"\" style=\"box-sizing: border-box; margin: 0px; padding: 0px; border: 0px; font-style: inherit; font-variant: inherit; font-weight: inherit; font-stretch: inherit; line-height: inherit; font-family: inherit; vertical-align: baseline; max-width: 100%; outline: none !important; height: auto !important;\" title=\"\" src=\"https://www.depo.ua/uploads/posts/20191022/754x/T1VAc5FaWAaHTXfHBlKVF5vYcHt8pEsguCfmPDo5.jpeg\" alt=\"\" width=\"700\" height=\"466\" longdesc=\"https://www.depo.ua/ukr/politics/yak-zelenskiy-iz-korolyami-ta-korolevami-vitali-novogo-imperatora-yaponii-201910221049256\" /></p>\r\n<p style=\"box-sizing: border-box; margin: 20px 0px; padding: 0px; border: 0px; font-variant-numeric: inherit; font-variant-east-asian: inherit; font-stretch: inherit; line-height: 24px; font-family: PTSans-Regular, sans-serif; font-size: 18px; vertical-align: baseline; color: #000000; outline: none !important;\"><img id=\"\" dir=\"\" lang=\"\" style=\"box-sizing: border-box; margin: 0px; padding: 0px; border: 0px; font-style: inherit; font-variant: inherit; font-weight: inherit; font-stretch: inherit; line-height: inherit; font-family: inherit; vertical-align: baseline; max-width: 100%; outline: none !important; height: auto !important;\" title=\"\" src=\"https://www.depo.ua/uploads/posts/20191022/754x/ZaTCzHlYg1IJia7ANtMG4NTJ2w3jj0xi7cw27Sum.jpeg\" alt=\"\" width=\"700\" height=\"493\" longdesc=\"https://www.depo.ua/ukr/politics/yak-zelenskiy-iz-korolyami-ta-korolevami-vitali-novogo-imperatora-yaponii-201910221049256\" /></p>\r\n<p style=\"box-sizing: border-box; margin: 20px 0px; padding: 0px; border: 0px; font-variant-numeric: inherit; font-variant-east-asian: inherit; font-stretch: inherit; line-height: 24px; font-family: PTSans-Regular, sans-serif; font-size: 18px; vertical-align: baseline; color: #000000; outline: none !important;\"><em style=\"box-sizing: border-box; margin: 0px; padding: 0px; border: 0px; font-variant: inherit; font-weight: inherit; font-stretch: inherit; line-height: inherit; font-family: inherit; vertical-align: baseline; outline: none !important;\">Президент Пакистану Аріф Алві з дружиною Саміною</em></p>\r\n<p style=\"box-sizing: border-box; margin: 20px 0px; padding: 0px; border: 0px; font-variant-numeric: inherit; font-variant-east-asian: inherit; font-stretch: inherit; line-height: 24px; font-family: PTSans-Regular, sans-serif; font-size: 18px; vertical-align: baseline; color: #000000; outline: none !important;\"><img id=\"\" dir=\"\" lang=\"\" style=\"box-sizing: border-box; margin: 0px; padding: 0px; border: 0px; font-style: inherit; font-variant: inherit; font-weight: inherit; font-stretch: inherit; line-height: inherit; font-family: inherit; vertical-align: baseline; max-width: 100%; outline: none !important; height: auto !important;\" title=\"\" src=\"https://www.depo.ua/uploads/posts/20191022/754x/YkV36m72xJdrfm34Di1Yb8n2cqrhlTwHyGco82In.jpeg\" alt=\"\" width=\"700\" height=\"456\" longdesc=\"https://www.depo.ua/ukr/politics/yak-zelenskiy-iz-korolyami-ta-korolevami-vitali-novogo-imperatora-yaponii-201910221049256\" /></p>\r\n<p style=\"box-sizing: border-box; margin: 20px 0px; padding: 0px; border: 0px; font-variant-numeric: inherit; font-variant-east-asian: inherit; font-stretch: inherit; line-height: 24px; font-family: PTSans-Regular, sans-serif; font-size: 18px; vertical-align: baseline; color: #000000; outline: none !important;\"><em style=\"box-sizing: border-box; margin: 0px; padding: 0px; border: 0px; font-variant: inherit; font-weight: inherit; font-stretch: inherit; line-height: inherit; font-family: inherit; vertical-align: baseline; outline: none !important;\">Президент Болгарії Роман Радев з дружиною Дезіславою</em></p>\r\n<p style=\"box-sizing: border-box; margin: 20px 0px; padding: 0px; border: 0px; font-variant-numeric: inherit; font-variant-east-asian: inherit; font-stretch: inherit; line-height: 24px; font-family: PTSans-Regular, sans-serif; font-size: 18px; vertical-align: baseline; color: #000000; outline: none !important;\"><img id=\"\" dir=\"\" lang=\"\" style=\"box-sizing: border-box; margin: 0px; padding: 0px; border: 0px; font-style: inherit; font-variant: inherit; font-weight: inherit; font-stretch: inherit; line-height: inherit; font-family: inherit; vertical-align: baseline; max-width: 100%; outline: none !important; height: auto !important;\" title=\"\" src=\"https://www.depo.ua/uploads/posts/20191022/754x/3cVhTQx1hQynzaB7AbQCl2QP9M9whqmTIUZwadXv.jpeg\" alt=\"\" width=\"700\" height=\"466\" longdesc=\"https://www.depo.ua/ukr/politics/yak-zelenskiy-iz-korolyami-ta-korolevami-vitali-novogo-imperatora-yaponii-201910221049256\" />\\</p>\r\n<p style=\"box-sizing: border-box; margin: 20px 0px; padding: 0px; border: 0px; font-variant-numeric: inherit; font-variant-east-asian: inherit; font-stretch: inherit; line-height: 24px; font-family: PTSans-Regular, sans-serif; font-size: 18px; vertical-align: baseline; color: #000000; outline: none !important;\"><em style=\"box-sizing: border-box; margin: 0px; padding: 0px; border: 0px; font-variant: inherit; font-weight: inherit; font-stretch: inherit; line-height: inherit; font-family: inherit; vertical-align: baseline; outline: none !important;\">Король Іспанії Філіп і королева Летиція</em></p>\r\n<p style=\"box-sizing: border-box; margin: 20px 0px; padding: 0px; border: 0px; font-variant-numeric: inherit; font-variant-east-asian: inherit; font-stretch: inherit; line-height: 24px; font-family: PTSans-Regular, sans-serif; font-size: 18px; vertical-align: baseline; color: #000000; outline: none !important;\"><img id=\"\" dir=\"\" lang=\"\" style=\"box-sizing: border-box; margin: 0px; padding: 0px; border: 0px; font-style: inherit; font-variant: inherit; font-weight: inherit; font-stretch: inherit; line-height: inherit; font-family: inherit; vertical-align: baseline; max-width: 100%; outline: none !important; height: auto !important;\" title=\"\" src=\"https://www.depo.ua/uploads/posts/20191022/754x/zNIykYw9YsZdoEjo85LbBU1iAqziQGfd3k36M3Vq.jpeg\" alt=\"\" width=\"700\" height=\"466\" longdesc=\"https://www.depo.ua/ukr/politics/yak-zelenskiy-iz-korolyami-ta-korolevami-vitali-novogo-imperatora-yaponii-201910221049256\" /></p>\r\n<p style=\"box-sizing: border-box; margin: 20px 0px; padding: 0px; border: 0px; font-variant-numeric: inherit; font-variant-east-asian: inherit; font-stretch: inherit; line-height: 24px; font-family: PTSans-Regular, sans-serif; font-size: 18px; vertical-align: baseline; color: #000000; outline: none !important;\"><em style=\"box-sizing: border-box; margin: 0px; padding: 0px; border: 0px; font-variant: inherit; font-weight: inherit; font-stretch: inherit; line-height: inherit; font-family: inherit; vertical-align: baseline; outline: none !important;\">Президент Німеччини Франк-Вальтер Штайнмайєр із дружиною</em></p>\r\n<p style=\"box-sizing: border-box; margin: 20px 0px; padding: 0px; border: 0px; font-variant-numeric: inherit; font-variant-east-asian: inherit; font-stretch: inherit; line-height: 24px; font-family: PTSans-Regular, sans-serif; font-size: 18px; vertical-align: baseline; color: #000000; outline: none !important;\"><img id=\"\" dir=\"\" lang=\"\" style=\"box-sizing: border-box; margin: 0px; padding: 0px; border: 0px; font-style: inherit; font-variant: inherit; font-weight: inherit; font-stretch: inherit; line-height: inherit; font-family: inherit; vertical-align: baseline; max-width: 100%; outline: none !important; height: auto !important;\" title=\"\" src=\"https://www.depo.ua/uploads/posts/20191022/754x/LxqJIJSXKg9RkkIkkdlSiDpY7xwetDIv0koWi5GS.jpeg\" alt=\"\" width=\"700\" height=\"466\" longdesc=\"https://www.depo.ua/ukr/politics/yak-zelenskiy-iz-korolyami-ta-korolevami-vitali-novogo-imperatora-yaponii-201910221049256\" /></p>\r\n<p style=\"box-sizing: border-box; margin: 20px 0px; padding: 0px; border: 0px; font-variant-numeric: inherit; font-variant-east-asian: inherit; font-stretch: inherit; line-height: 24px; font-family: PTSans-Regular, sans-serif; font-size: 18px; vertical-align: baseline; color: #000000; outline: none !important;\"><em style=\"box-sizing: border-box; margin: 0px; padding: 0px; border: 0px; font-variant: inherit; font-weight: inherit; font-stretch: inherit; line-height: inherit; font-family: inherit; vertical-align: baseline; outline: none !important;\">Король Філіп та королева Матільда з Бельгії</em></p>\r\n<p style=\"box-sizing: border-box; margin: 20px 0px; padding: 0px; border: 0px; font-variant-numeric: inherit; font-variant-east-asian: inherit; font-stretch: inherit; line-height: 24px; font-family: PTSans-Regular, sans-serif; font-size: 18px; vertical-align: baseline; color: #000000; outline: none !important;\">&nbsp;</p>\r\n<p style=\"box-sizing: border-box; margin: 20px 0px; padding: 0px; border: 0px; font-variant-numeric: inherit; font-variant-east-asian: inherit; font-stretch: inherit; line-height: 24px; font-family: PTSans-Regular, sans-serif; font-size: 18px; vertical-align: baseline; color: #000000; outline: none !important;\"><em style=\"box-sizing: border-box; margin: 0px; padding: 0px; border: 0px; font-variant: inherit; font-weight: inherit; font-stretch: inherit; line-height: inherit; font-family: inherit; vertical-align: baseline; outline: none !important;\">Малайзійський султан Паханга з дружиною</em><img id=\"\" dir=\"\" lang=\"\" style=\"box-sizing: border-box; margin: 0px; padding: 0px; border: 0px; font-style: inherit; font-variant: inherit; font-weight: inherit; font-stretch: inherit; line-height: inherit; font-family: inherit; vertical-align: baseline; max-width: 100%; outline: none !important; height: auto !important;\" title=\"\" src=\"https://www.depo.ua/uploads/posts/20191022/754x/xO8dyesTM08XuUn2j415hb13lWFzjRFNs73XCxvo.jpeg\" alt=\"\" width=\"700\" height=\"466\" longdesc=\"https://www.depo.ua/ukr/politics/yak-zelenskiy-iz-korolyami-ta-korolevami-vitali-novogo-imperatora-yaponii-201910221049256\" /></p>', 'posts\\October2019\\WJDVnqkV4LR9ePowDOLw.png', 'gejshi-i-koroli-yak-zelens-kij-zi-shtajnmajyerom-vitali-novog-imdfgperatora-yaponiyi', NULL, NULL, 'PUBLISHED', 1, '2019-10-22 08:55:41', '2019-10-22 08:59:21'),
(19, 1, 1, 'Слідчі поліції АРК оголосили підозру \"судді\" за вирок Умерову', NULL, 'Під процесуальним керівництвом прокуратури автономії повідомлено про підозру \"судді\" незаконно створеного \"Симферопольского районного суда Республики Крым\"', '<div class=\"openPost-content\" style=\"box-sizing: border-box; margin: 0px; padding: 0px; border: 0px; font-variant-numeric: inherit; font-variant-east-asian: inherit; font-stretch: inherit; line-height: inherit; font-family: PTSans-Regular, sans-serif; font-size: 16px; vertical-align: baseline; position: relative; color: #000000; outline: none !important;\">\r\n<p style=\"box-sizing: border-box; outline: none !important; margin: 20px 0px; padding: 0px; border: 0px; font-style: inherit; font-variant: inherit; font-weight: inherit; font-stretch: inherit; line-height: 24px; font-family: inherit; font-size: 18px; vertical-align: baseline;\">Про це повідомляє&nbsp;<a style=\"box-sizing: border-box; margin: 0px; padding: 0px; border: 0px; font-style: inherit; font-variant: inherit; font-weight: inherit; font-stretch: inherit; line-height: inherit; font-family: inherit; vertical-align: baseline; color: #ff6a00; text-decoration-line: none; cursor: pointer; outline: none !important;\" href=\"https://krym.depo.ua/\">Depo.Крим</a>&nbsp;з посиланням на пресслужбу прокуратури АРК.</p>\r\n<p style=\"box-sizing: border-box; outline: none !important; margin: 20px 0px; padding: 0px; border: 0px; font-style: inherit; font-variant: inherit; font-weight: inherit; font-stretch: inherit; line-height: 24px; font-family: inherit; font-size: 18px; vertical-align: baseline;\">Під процесуальним керівництвом прокуратури АР Крим слідчими СВ ГУНП в АР Крим та м. Севастополі повідомлено про підозру \"судді\" незаконно створеного \"Симферопольского районного суда Республики Крым\" за ст. 438 КК України, а саме порушення законів та звичаїв війни, що передбачені міжнародними договорами, згода на обов\'язковість яких надана Верховною Радою України.</p>\r\n<p style=\"box-sizing: border-box; outline: none !important; margin: 20px 0px; padding: 0px; border: 0px; font-style: inherit; font-variant: inherit; font-weight: inherit; font-stretch: inherit; line-height: 24px; font-family: inherit; font-size: 18px; vertical-align: baseline;\">Під час досудового розслідування здобуто докази причетності \"судді\" до порушення права на справедливий і офіційний судовий процес, передбаченого ст. 147 Конвенції про захист цивільного населення під час війни 1949 року та ч. 4 ст. 75 Протоколу І до Женевських конвенцій 1949 року щодо проукраїнського активіста за його виступ у прямому ефірі на одному з телеканалів.</p>\r\n<p style=\"box-sizing: border-box; outline: none !important; margin: 20px 0px; padding: 0px; border: 0px; font-style: inherit; font-variant: inherit; font-weight: inherit; font-stretch: inherit; line-height: 24px; font-family: inherit; font-size: 18px; vertical-align: baseline;\">Під час виступу активіст висловив позицію щодо необхідності повернення Україні територій АР Крим, Донецької та Луганської областей. У травні-вересні 2017 року зазначений \"суддя\", розглядаючи матеріали кримінальної справи, порушив право обвинуваченого використати всі необхідні права і засоби захисту.</p>\r\n<p style=\"box-sizing: border-box; outline: none !important; margin: 20px 0px; padding: 0px; border: 0px; font-style: inherit; font-variant: inherit; font-weight: inherit; font-stretch: inherit; line-height: 24px; font-family: inherit; font-size: 18px; vertical-align: baseline;\">В результаті 27 вересня 2017 року він виніс \"вирок\", відповідно до якого визнав активіста винним у вчиненні кримінального правопорушення, передбаченого ч. 2 ст. 280.1 КК Росії (публічні заклики до здійснення дій, спрямованих на порушення територіальної цілісності Росії).</p>\r\n<p style=\"box-sizing: border-box; outline: none !important; margin: 20px 0px; padding: 0px; border: 0px; font-style: inherit; font-variant: inherit; font-weight: inherit; font-stretch: inherit; line-height: 24px; font-family: inherit; font-size: 18px; vertical-align: baseline;\">Йдеться про вирок заступнику голови Меджлісу кримськотатарського народу Ільмі Умерову.</p>\r\n<p style=\"box-sizing: border-box; outline: none !important; margin: 20px 0px; padding: 0px; border: 0px; font-style: inherit; font-variant: inherit; font-weight: inherit; font-stretch: inherit; line-height: 24px; font-family: inherit; font-size: 18px; vertical-align: baseline;\">Нагадаємо, кримськотатарський активіст заявив, що на території&nbsp;<a style=\"box-sizing: border-box; margin: 0px; padding: 0px; border: 0px; font-style: inherit; font-variant: inherit; font-weight: inherit; font-stretch: inherit; line-height: inherit; font-family: inherit; vertical-align: baseline; color: #ff6a00; text-decoration-line: none; cursor: pointer; outline: none !important;\" href=\"https://www.depo.ua/ukr/life/umerov-nazvav-kilkist-zatrimanih-rosiyeyu-v-okupovanomu-krimu-politv-yazniv-20190215917201\">анексованого Криму</a>&nbsp;не припиняються репресії щодо нелояльних до російської влади громадян.</p>\r\n</div>\r\n<div class=\"openPost-more\" style=\"box-sizing: border-box; margin: 25px 0px 10px; padding: 0px; border: 0px; font-variant-numeric: inherit; font-variant-east-asian: inherit; font-stretch: inherit; line-height: inherit; font-family: PTSans-Regular, sans-serif; font-size: 16px; vertical-align: baseline; color: #000000; outline: none !important;\">\r\n<p style=\"box-sizing: border-box; margin: 0px; padding: 0px; border: 0px; font-style: italic; font-variant: inherit; font-stretch: inherit; line-height: 28px; font-family: \'PT sans\'; font-size: 19px; vertical-align: baseline; outline: none !important;\">Більше новин про події у світі читайте на&nbsp;<a style=\"box-sizing: border-box; margin: 0px; padding: 0px; border: 0px; font-variant: inherit; font-stretch: inherit; line-height: 28px; vertical-align: baseline; color: #ff6a00; display: inline-block; text-decoration-line: none; outline: none !important;\" href=\"https://krym.depo.ua/\">Depo.Крим</a></p>\r\n</div>\r\n<div class=\"openPost-follow\" style=\"box-sizing: border-box; margin: 20px 0px 10px; padding: 0px; border: 0px; font-variant-numeric: inherit; font-variant-east-asian: inherit; font-stretch: inherit; line-height: inherit; font-family: PTSans-Regular, sans-serif; font-size: 16px; vertical-align: baseline; color: #000000; outline: none !important;\">\r\n<p style=\"box-sizing: border-box; margin: 0px; padding: 0px; border: 0px; font-style: italic; font-variant: inherit; font-stretch: inherit; line-height: 28px; font-family: \'PT sans\'; font-size: 19px; vertical-align: baseline; outline: none !important;\">Слідкуйте за новинами у&nbsp;<a style=\"box-sizing: border-box; margin: 0px; padding: 0px; border: 0px; font-variant: inherit; font-stretch: inherit; line-height: 28px; vertical-align: baseline; color: #ff6a00; display: inline-block; text-decoration-line: none; outline: none !important;\" href=\"https://t.me/depoua\" target=\"_blank\" rel=\"noopener\">Телеграм</a></p>\r\n<p style=\"box-sizing: border-box; margin: 0px; padding: 0px; border: 0px; font-style: italic; font-variant: inherit; font-stretch: inherit; line-height: 28px; font-family: \'PT sans\'; font-size: 19px; vertical-align: baseline; outline: none !important;\">Підписуйтеся на нашу сторінку у&nbsp;<a style=\"box-sizing: border-box; margin: 0px; padding: 0px; border: 0px; font-variant: inherit; font-stretch: inherit; line-height: 28px; vertical-align: baseline; color: #ff6a00; display: inline-block; text-decoration-line: none; outline: none !important;\" href=\"https://www.facebook.com/depoua\" target=\"_blank\" rel=\"noopener\">Facebook</a></p>\r\n</div>', 'posts\\October2019\\XoESjWnPgHO2wouOf9l6.jpg', 'slidchi-poliiyi-ark-ogoldfgosili-pidozru-suddi-za-virok-umerovu', NULL, NULL, 'PUBLISHED', 1, '2019-10-22 09:04:27', '2019-10-22 09:04:27'),
(20, 1, 1, 'В Україні змінили процедуру отримання посвідчення водія', NULL, 'В Україні набула чинності постанова Кабміну, згідно з якою змінились процедури видачі посвідчень водія, підготовки водіїв та акредитації автошкіл', '<div class=\"openPost-content\" style=\"box-sizing: border-box; margin: 0px; padding: 0px; border: 0px; font-variant-numeric: inherit; font-variant-east-asian: inherit; font-stretch: inherit; line-height: inherit; font-family: PTSans-Regular, sans-serif; font-size: 16px; vertical-align: baseline; position: relative; color: #000000; outline: none !important;\">\r\n<p style=\"box-sizing: border-box; outline: none !important; margin: 20px 0px; padding: 0px; border: 0px; font-style: inherit; font-variant: inherit; font-weight: inherit; font-stretch: inherit; line-height: 24px; font-family: inherit; font-size: 18px; vertical-align: baseline;\">Про це інформує&nbsp;<a style=\"box-sizing: border-box; margin: 0px; padding: 0px; border: 0px; font-style: inherit; font-variant: inherit; font-weight: inherit; font-stretch: inherit; line-height: inherit; font-family: inherit; vertical-align: baseline; color: #ff6a00; text-decoration-line: none; cursor: pointer; outline: none !important;\" href=\"https://www.depo.ua/\">Depo.ua</a>&nbsp;з посиланням на&nbsp;<a style=\"box-sizing: border-box; margin: 0px; padding: 0px; border: 0px; font-style: inherit; font-variant: inherit; font-weight: inherit; font-stretch: inherit; line-height: inherit; font-family: inherit; vertical-align: baseline; color: #ff6a00; text-decoration-line: none; cursor: pointer; outline: none !important;\" href=\"http://hsc.gov.ua/2019/10/22/zminilis-protseduri-vidachi-posvidchen-vodiya-pidgotovki-vodiyiv-ta-akreditatsiyi-avtoshkil/?fbclid=IwAR1qBb9nCed22U923W32q9lTxlPf6hkzgiaW_TklK-KhYRjYxH3Npv7RV0I\" target=\"_blank\" rel=\"noopener\">пресслужбу</a>&nbsp;Головного сервісного центру МВС.</p>\r\n<p style=\"box-sizing: border-box; outline: none !important; margin: 20px 0px; padding: 0px; border: 0px; font-style: inherit; font-variant: inherit; font-weight: inherit; font-stretch: inherit; line-height: 24px; font-family: inherit; font-size: 18px; vertical-align: baseline;\">Серед основних нововведень, які стосуються процедури підготовки водіїв: допускається індивідуальний порядок підготовки, перепідготовки та підвищення кваліфікації водіїв; практичний іспит складають у територіальному центрі МВС, в якому успішно складено теоретичний іспит.</p>\r\n<p style=\"box-sizing: border-box; outline: none !important; margin: 20px 0px; padding: 0px; border: 0px; font-style: inherit; font-variant: inherit; font-weight: inherit; font-stretch: inherit; line-height: 24px; font-family: inherit; font-size: 18px; vertical-align: baseline;\">Також серед нововведень те, що термін дії свідоцтва про закінчення автошколи скорочено з 10 до 2-х років; з\'являється можливість застосування фото- та відеофіксації під час складання іспитів.</p>\r\n<p style=\"box-sizing: border-box; outline: none !important; margin: 20px 0px; padding: 0px; border: 0px; font-style: inherit; font-variant: inherit; font-weight: inherit; font-stretch: inherit; line-height: 24px; font-family: inherit; font-size: 18px; vertical-align: baseline;\">Водночас, свідоцтво про закінчення закладу з підготовки, перепідготовки й підвищення кваліфікації водіїв в паперовому вигляді випускникам автошкіл не видаватиметься &ndash;&nbsp;натомість воно в електронному вигляді вноситиметься закладом до Єдиного держреєстру МВС.</p>\r\n<p style=\"box-sizing: border-box; outline: none !important; margin: 20px 0px; padding: 0px; border: 0px; font-style: inherit; font-variant: inherit; font-weight: inherit; font-stretch: inherit; line-height: 24px; font-family: inherit; font-size: 18px; vertical-align: baseline;\">Окрім того, як зазначається, в процедурі взаємодії територіальних органів з надання сервісних послуг МВС із закладами з підготовки водіїв запроваджено електронний обмін інформацією.</p>\r\n<p style=\"box-sizing: border-box; outline: none !important; margin: 20px 0px; padding: 0px; border: 0px; font-style: inherit; font-variant: inherit; font-weight: inherit; font-stretch: inherit; line-height: 24px; font-family: inherit; font-size: 18px; vertical-align: baseline;\">Зокрема, викладачі та інструктори з водіння будуть зобов&rsquo;язані вносити у спеціальний електронний журнал інформацію про час проведення теоретичних та практичних занять, а також транспортний засіб, на якому здійснюватиметься практичне заняття.</p>\r\n<p style=\"box-sizing: border-box; outline: none !important; margin: 20px 0px; padding: 0px; border: 0px; font-style: inherit; font-variant: inherit; font-weight: inherit; font-stretch: inherit; line-height: 24px; font-family: inherit; font-size: 18px; vertical-align: baseline;\">У Головному сервісному центрі наголосили, що нововведення покликане покращити організацію навчального процесу та запровадити моніторинг за навчанням кожного слухача.</p>\r\n<p style=\"box-sizing: border-box; outline: none !important; margin: 20px 0px; padding: 0px; border: 0px; font-style: inherit; font-variant: inherit; font-weight: inherit; font-stretch: inherit; line-height: 24px; font-family: inherit; font-size: 18px; vertical-align: baseline;\">\"Нормативними змінами також передбачено, що всі випускники, які закінчили навчання з підготовки водіїв у закладах професійно-технічної освіти, допускаються до складання іспитів без додаткового навчання в автошколі\", &ndash;&nbsp;уточнюється у повідомленні.</p>\r\n<p style=\"box-sizing: border-box; outline: none !important; margin: 20px 0px; padding: 0px; border: 0px; font-style: inherit; font-variant: inherit; font-weight: inherit; font-stretch: inherit; line-height: 24px; font-family: inherit; font-size: 18px; vertical-align: baseline;\">Зазначається, що також змінилася процедура акредитації автошкіл.</p>\r\n<p style=\"box-sizing: border-box; outline: none !important; margin: 20px 0px; padding: 0px; border: 0px; font-style: inherit; font-variant: inherit; font-weight: inherit; font-stretch: inherit; line-height: 24px; font-family: inherit; font-size: 18px; vertical-align: baseline;\">Зокрема, відбулася передача функції акредитації закладів від Головного сервісного центру МВС до регіональних сервісних центрів МВС, що дало можливість скоротити час проходження цієї процедури, оскільки документи розглядатимуться за місцем розташування таких закладів.</p>\r\n<p style=\"box-sizing: border-box; outline: none !important; margin: 20px 0px; padding: 0px; border: 0px; font-style: inherit; font-variant: inherit; font-weight: inherit; font-stretch: inherit; line-height: 24px; font-family: inherit; font-size: 18px; vertical-align: baseline;\">Також учточнюється, що це дозволить суб&rsquo;єктам господарювання заощадити кошти на транспортних витратах.</p>\r\n<p style=\"box-sizing: border-box; outline: none !important; margin: 20px 0px; padding: 0px; border: 0px; font-style: inherit; font-variant: inherit; font-weight: inherit; font-stretch: inherit; line-height: 24px; font-family: inherit; font-size: 18px; vertical-align: baseline;\">\"Ураховуючи викладене, з 19 жовтня 2019 року: заяви про затвердження робочих програм і планів закладу подаються до РСЦ МВС (за місцезнаходженням закладу); заяви про проведення обстеження матеріально-технічної бази закладу подаються до ТСЦ МВС (за місцезнаходженням закладу); заяви та відповідні матеріали для проведення державної акредитації закладу подаються до РСЦ МВС (за місцезнаходженням закладу)\", &ndash;&nbsp;зазначається у повідомленні.</p>\r\n<p style=\"box-sizing: border-box; outline: none !important; margin: 20px 0px; padding: 0px; border: 0px; font-style: inherit; font-variant: inherit; font-weight: inherit; font-stretch: inherit; line-height: 24px; font-family: inherit; font-size: 18px; vertical-align: baseline;\">Постановою також передбачено, що сертифікати про державну акредитацію, видані після 5 липня 2016 року закладам, акредитованим Головним сервісним центром МВС, вважаються безстроковими, повідомляє пресслужба.</p>\r\n<p style=\"box-sizing: border-box; outline: none !important; margin: 20px 0px; padding: 0px; border: 0px; font-style: inherit; font-variant: inherit; font-weight: inherit; font-stretch: inherit; line-height: 24px; font-family: inherit; font-size: 18px; vertical-align: baseline;\">Постанова набрала чинності 19 жовтня.&nbsp;</p>\r\n<p style=\"box-sizing: border-box; outline: none !important; margin: 20px 0px; padding: 0px; border: 0px; font-style: inherit; font-variant: inherit; font-weight: inherit; font-stretch: inherit; line-height: 24px; font-family: inherit; font-size: 18px; vertical-align: baseline;\">Нагадаємо, 16 жовтня стало відомо, що&nbsp;<a style=\"box-sizing: border-box; margin: 0px; padding: 0px; border: 0px; font-style: inherit; font-variant: inherit; font-weight: inherit; font-stretch: inherit; line-height: inherit; font-family: inherit; vertical-align: baseline; color: #ff6a00; text-decoration-line: none; cursor: pointer; outline: none !important;\" href=\"https://www.depo.ua/ukr/svit/ukrainski-vodiyski-prava-viznae-velika-britaniya-ta-frantsiya-201910161046085\">Британія та Франція можуть визнати українські водійські посвідчення</a>.</p>\r\n</div>\r\n<div class=\"openPost-more\" style=\"box-sizing: border-box; margin: 25px 0px 10px; padding: 0px; border: 0px; font-variant-numeric: inherit; font-variant-east-asian: inherit; font-stretch: inherit; line-height: inherit; font-family: PTSans-Regular, sans-serif; font-size: 16px; vertical-align: baseline; color: #000000; outline: none !important;\">\r\n<p style=\"box-sizing: border-box; margin: 0px; padding: 0px; border: 0px; font-style: italic; font-variant: inherit; font-stretch: inherit; line-height: 28px; font-family: \'PT sans\'; font-size: 19px; vertical-align: baseline; outline: none !important;\">Більше новин про події у світі читайте на&nbsp;<a style=\"box-sizing: border-box; margin: 0px; padding: 0px; border: 0px; font-variant: inherit; font-stretch: inherit; line-height: 28px; vertical-align: baseline; color: #ff6a00; display: inline-block; text-decoration-line: none; outline: none !important;\" href=\"https://www.depo.ua/\">Depo.Головна</a></p>\r\n</div>\r\n<div class=\"openPost-follow\" style=\"box-sizing: border-box; margin: 20px 0px 10px; padding: 0px; border: 0px; font-variant-numeric: inherit; font-variant-east-asian: inherit; font-stretch: inherit; line-height: inherit; font-family: PTSans-Regular, sans-serif; font-size: 16px; vertical-align: baseline; color: #000000; outline: none !important;\">\r\n<p style=\"box-sizing: border-box; margin: 0px; padding: 0px; border: 0px; font-style: italic; font-variant: inherit; font-stretch: inherit; line-height: 28px; font-family: \'PT sans\'; font-size: 19px; vertical-align: baseline; outline: none !important;\">Слідкуйте за новинами у&nbsp;<a style=\"box-sizing: border-box; margin: 0px; padding: 0px; border: 0px; font-variant: inherit; font-stretch: inherit; line-height: 28px; vertical-align: baseline; color: #ff6a00; display: inline-block; text-decoration-line: none; outline: none !important;\" href=\"https://t.me/depoua\" target=\"_blank\" rel=\"noopener\">Телеграм</a></p>\r\n<p style=\"box-sizing: border-box; margin: 0px; padding: 0px; border: 0px; font-style: italic; font-variant: inherit; font-stretch: inherit; line-height: 28px; font-family: \'PT sans\'; font-size: 19px; vertical-align: baseline; outline: none !important;\">Підписуйтеся на нашу сторінку у&nbsp;<a style=\"box-sizing: border-box; margin: 0px; padding: 0px; border: 0px; font-variant: inherit; font-stretch: inherit; line-height: 28px; vertical-align: baseline; color: #ff6a00; display: inline-block; text-decoration-line: none; outline: none !important;\" href=\"https://www.facebook.com/depoua\" target=\"_blank\" rel=\"noopener\">Facebook</a></p>\r\n</div>', 'posts\\October2019\\O037WfySZEURmSuMhJh8.jpg', 'v-ukrayini-zminili-prdgfdoceduru-otrimannya-posvidchennya-voiya', NULL, NULL, 'PUBLISHED', 1, '2019-10-22 09:15:17', '2019-10-22 09:15:17'),
(21, 1, 1, 'В Україні змінили процедуру отримання посвідчення водія', NULL, 'В Україні набула чинності постанова Кабміну, згідно з якою змінились процедури видачі посвідчень водія, підготовки водіїв та акредитації автошкіл', '<div class=\"openPost-content\" style=\"box-sizing: border-box; margin: 0px; padding: 0px; border: 0px; font-variant-numeric: inherit; font-variant-east-asian: inherit; font-stretch: inherit; line-height: inherit; font-family: PTSans-Regular, sans-serif; font-size: 16px; vertical-align: baseline; position: relative; color: #000000; outline: none !important;\">\r\n<p style=\"box-sizing: border-box; outline: none !important; margin: 20px 0px; padding: 0px; border: 0px; font-style: inherit; font-variant: inherit; font-weight: inherit; font-stretch: inherit; line-height: 24px; font-family: inherit; font-size: 18px; vertical-align: baseline;\">Про це інформує&nbsp;<a style=\"box-sizing: border-box; margin: 0px; padding: 0px; border: 0px; font-style: inherit; font-variant: inherit; font-weight: inherit; font-stretch: inherit; line-height: inherit; font-family: inherit; vertical-align: baseline; color: #ff6a00; text-decoration-line: none; cursor: pointer; outline: none !important;\" href=\"https://www.depo.ua/\">Depo.ua</a>&nbsp;з посиланням на&nbsp;<a style=\"box-sizing: border-box; margin: 0px; padding: 0px; border: 0px; font-style: inherit; font-variant: inherit; font-weight: inherit; font-stretch: inherit; line-height: inherit; font-family: inherit; vertical-align: baseline; color: #ff6a00; text-decoration-line: none; cursor: pointer; outline: none !important;\" href=\"http://hsc.gov.ua/2019/10/22/zminilis-protseduri-vidachi-posvidchen-vodiya-pidgotovki-vodiyiv-ta-akreditatsiyi-avtoshkil/?fbclid=IwAR1qBb9nCed22U923W32q9lTxlPf6hkzgiaW_TklK-KhYRjYxH3Npv7RV0I\" target=\"_blank\" rel=\"noopener\">пресслужбу</a>&nbsp;Головного сервісного центру МВС.</p>\r\n<p style=\"box-sizing: border-box; outline: none !important; margin: 20px 0px; padding: 0px; border: 0px; font-style: inherit; font-variant: inherit; font-weight: inherit; font-stretch: inherit; line-height: 24px; font-family: inherit; font-size: 18px; vertical-align: baseline;\">Серед основних нововведень, які стосуються процедури підготовки водіїв: допускається індивідуальний порядок підготовки, перепідготовки та підвищення кваліфікації водіїв; практичний іспит складають у територіальному центрі МВС, в якому успішно складено теоретичний іспит.</p>\r\n<p style=\"box-sizing: border-box; outline: none !important; margin: 20px 0px; padding: 0px; border: 0px; font-style: inherit; font-variant: inherit; font-weight: inherit; font-stretch: inherit; line-height: 24px; font-family: inherit; font-size: 18px; vertical-align: baseline;\">Також серед нововведень те, що термін дії свідоцтва про закінчення автошколи скорочено з 10 до 2-х років; з\'являється можливість застосування фото- та відеофіксації під час складання іспитів.</p>\r\n<p style=\"box-sizing: border-box; outline: none !important; margin: 20px 0px; padding: 0px; border: 0px; font-style: inherit; font-variant: inherit; font-weight: inherit; font-stretch: inherit; line-height: 24px; font-family: inherit; font-size: 18px; vertical-align: baseline;\">Водночас, свідоцтво про закінчення закладу з підготовки, перепідготовки й підвищення кваліфікації водіїв в паперовому вигляді випускникам автошкіл не видаватиметься &ndash;&nbsp;натомість воно в електронному вигляді вноситиметься закладом до Єдиного держреєстру МВС.</p>\r\n<p style=\"box-sizing: border-box; outline: none !important; margin: 20px 0px; padding: 0px; border: 0px; font-style: inherit; font-variant: inherit; font-weight: inherit; font-stretch: inherit; line-height: 24px; font-family: inherit; font-size: 18px; vertical-align: baseline;\">Окрім того, як зазначається, в процедурі взаємодії територіальних органів з надання сервісних послуг МВС із закладами з підготовки водіїв запроваджено електронний обмін інформацією.</p>\r\n<p style=\"box-sizing: border-box; outline: none !important; margin: 20px 0px; padding: 0px; border: 0px; font-style: inherit; font-variant: inherit; font-weight: inherit; font-stretch: inherit; line-height: 24px; font-family: inherit; font-size: 18px; vertical-align: baseline;\">Зокрема, викладачі та інструктори з водіння будуть зобов&rsquo;язані вносити у спеціальний електронний журнал інформацію про час проведення теоретичних та практичних занять, а також транспортний засіб, на якому здійснюватиметься практичне заняття.</p>\r\n<p style=\"box-sizing: border-box; outline: none !important; margin: 20px 0px; padding: 0px; border: 0px; font-style: inherit; font-variant: inherit; font-weight: inherit; font-stretch: inherit; line-height: 24px; font-family: inherit; font-size: 18px; vertical-align: baseline;\">У Головному сервісному центрі наголосили, що нововведення покликане покращити організацію навчального процесу та запровадити моніторинг за навчанням кожного слухача.</p>\r\n<p style=\"box-sizing: border-box; outline: none !important; margin: 20px 0px; padding: 0px; border: 0px; font-style: inherit; font-variant: inherit; font-weight: inherit; font-stretch: inherit; line-height: 24px; font-family: inherit; font-size: 18px; vertical-align: baseline;\">\"Нормативними змінами також передбачено, що всі випускники, які закінчили навчання з підготовки водіїв у закладах професійно-технічної освіти, допускаються до складання іспитів без додаткового навчання в автошколі\", &ndash;&nbsp;уточнюється у повідомленні.</p>\r\n<p style=\"box-sizing: border-box; outline: none !important; margin: 20px 0px; padding: 0px; border: 0px; font-style: inherit; font-variant: inherit; font-weight: inherit; font-stretch: inherit; line-height: 24px; font-family: inherit; font-size: 18px; vertical-align: baseline;\">Зазначається, що також змінилася процедура акредитації автошкіл.</p>\r\n<p style=\"box-sizing: border-box; outline: none !important; margin: 20px 0px; padding: 0px; border: 0px; font-style: inherit; font-variant: inherit; font-weight: inherit; font-stretch: inherit; line-height: 24px; font-family: inherit; font-size: 18px; vertical-align: baseline;\">Зокрема, відбулася передача функції акредитації закладів від Головного сервісного центру МВС до регіональних сервісних центрів МВС, що дало можливість скоротити час проходження цієї процедури, оскільки документи розглядатимуться за місцем розташування таких закладів.</p>\r\n<p style=\"box-sizing: border-box; outline: none !important; margin: 20px 0px; padding: 0px; border: 0px; font-style: inherit; font-variant: inherit; font-weight: inherit; font-stretch: inherit; line-height: 24px; font-family: inherit; font-size: 18px; vertical-align: baseline;\">Також учточнюється, що це дозволить суб&rsquo;єктам господарювання заощадити кошти на транспортних витратах.</p>\r\n<p style=\"box-sizing: border-box; outline: none !important; margin: 20px 0px; padding: 0px; border: 0px; font-style: inherit; font-variant: inherit; font-weight: inherit; font-stretch: inherit; line-height: 24px; font-family: inherit; font-size: 18px; vertical-align: baseline;\">\"Ураховуючи викладене, з 19 жовтня 2019 року: заяви про затвердження робочих програм і планів закладу подаються до РСЦ МВС (за місцезнаходженням закладу); заяви про проведення обстеження матеріально-технічної бази закладу подаються до ТСЦ МВС (за місцезнаходженням закладу); заяви та відповідні матеріали для проведення державної акредитації закладу подаються до РСЦ МВС (за місцезнаходженням закладу)\", &ndash;&nbsp;зазначається у повідомленні.</p>\r\n<p style=\"box-sizing: border-box; outline: none !important; margin: 20px 0px; padding: 0px; border: 0px; font-style: inherit; font-variant: inherit; font-weight: inherit; font-stretch: inherit; line-height: 24px; font-family: inherit; font-size: 18px; vertical-align: baseline;\">Постановою також передбачено, що сертифікати про державну акредитацію, видані після 5 липня 2016 року закладам, акредитованим Головним сервісним центром МВС, вважаються безстроковими, повідомляє пресслужба.</p>\r\n<p style=\"box-sizing: border-box; outline: none !important; margin: 20px 0px; padding: 0px; border: 0px; font-style: inherit; font-variant: inherit; font-weight: inherit; font-stretch: inherit; line-height: 24px; font-family: inherit; font-size: 18px; vertical-align: baseline;\">Постанова набрала чинності 19 жовтня.&nbsp;</p>\r\n<p style=\"box-sizing: border-box; outline: none !important; margin: 20px 0px; padding: 0px; border: 0px; font-style: inherit; font-variant: inherit; font-weight: inherit; font-stretch: inherit; line-height: 24px; font-family: inherit; font-size: 18px; vertical-align: baseline;\">Нагадаємо, 16 жовтня стало відомо, що&nbsp;<a style=\"box-sizing: border-box; margin: 0px; padding: 0px; border: 0px; font-style: inherit; font-variant: inherit; font-weight: inherit; font-stretch: inherit; line-height: inherit; font-family: inherit; vertical-align: baseline; color: #ff6a00; text-decoration-line: none; cursor: pointer; outline: none !important;\" href=\"https://www.depo.ua/ukr/svit/ukrainski-vodiyski-prava-viznae-velika-britaniya-ta-frantsiya-201910161046085\">Британія та Франція можуть визнати українські водійські посвідчення</a>.</p>\r\n</div>\r\n<div class=\"openPost-more\" style=\"box-sizing: border-box; margin: 25px 0px 10px; padding: 0px; border: 0px; font-variant-numeric: inherit; font-variant-east-asian: inherit; font-stretch: inherit; line-height: inherit; font-family: PTSans-Regular, sans-serif; font-size: 16px; vertical-align: baseline; color: #000000; outline: none !important;\">\r\n<p style=\"box-sizing: border-box; margin: 0px; padding: 0px; border: 0px; font-style: italic; font-variant: inherit; font-stretch: inherit; line-height: 28px; font-family: \'PT sans\'; font-size: 19px; vertical-align: baseline; outline: none !important;\">Більше новин про події у світі читайте на&nbsp;<a style=\"box-sizing: border-box; margin: 0px; padding: 0px; border: 0px; font-variant: inherit; font-stretch: inherit; line-height: 28px; vertical-align: baseline; color: #ff6a00; display: inline-block; text-decoration-line: none; outline: none !important;\" href=\"https://www.depo.ua/\">Depo.Головна</a></p>\r\n</div>\r\n<div class=\"openPost-follow\" style=\"box-sizing: border-box; margin: 20px 0px 10px; padding: 0px; border: 0px; font-variant-numeric: inherit; font-variant-east-asian: inherit; font-stretch: inherit; line-height: inherit; font-family: PTSans-Regular, sans-serif; font-size: 16px; vertical-align: baseline; color: #000000; outline: none !important;\">\r\n<p style=\"box-sizing: border-box; margin: 0px; padding: 0px; border: 0px; font-style: italic; font-variant: inherit; font-stretch: inherit; line-height: 28px; font-family: \'PT sans\'; font-size: 19px; vertical-align: baseline; outline: none !important;\">Слідкуйте за новинами у&nbsp;<a style=\"box-sizing: border-box; margin: 0px; padding: 0px; border: 0px; font-variant: inherit; font-stretch: inherit; line-height: 28px; vertical-align: baseline; color: #ff6a00; display: inline-block; text-decoration-line: none; outline: none !important;\" href=\"https://t.me/depoua\" target=\"_blank\" rel=\"noopener\">Телеграм</a></p>\r\n<p style=\"box-sizing: border-box; margin: 0px; padding: 0px; border: 0px; font-style: italic; font-variant: inherit; font-stretch: inherit; line-height: 28px; font-family: \'PT sans\'; font-size: 19px; vertical-align: baseline; outline: none !important;\">Підписуйтеся на нашу сторінку у&nbsp;<a style=\"box-sizing: border-box; margin: 0px; padding: 0px; border: 0px; font-variant: inherit; font-stretch: inherit; line-height: 28px; vertical-align: baseline; color: #ff6a00; display: inline-block; text-decoration-line: none; outline: none !important;\" href=\"https://www.facebook.com/depoua\" target=\"_blank\" rel=\"noopener\">Facebook</a></p>\r\n</div>', 'posts\\October2019\\O037WfySZEURmSuMhJh8.jpg', 'v-ukrayini-zminii-proceduru-otrimannya-posvidchennya-vodiydfgdfg', NULL, NULL, 'PUBLISHED', 1, '2019-10-22 09:15:17', '2019-10-22 09:15:17'),
(38, 1, 1, 'Новини', NULL, 'tttt', '<h1>tttt</h1>', 'posts\\November2019\\5tTkogwoT9pye6GkFn81.jpg', 'novini', NULL, NULL, 'PUBLISHED', 0, '2019-11-03 21:14:24', '2019-11-03 21:14:24');
INSERT INTO `posts` (`id`, `author_id`, `category_id`, `title`, `seo_title`, `excerpt`, `body`, `image`, `slug`, `meta_description`, `meta_keywords`, `status`, `featured`, `created_at`, `updated_at`) VALUES
(48, 1, 1, 'TEST FOR ALGOLIA', NULL, 'TEST FOR ALGOLIATEST FOR ALGOLIATEST FOR ALGOLIA', '<p>TEST FOR ALGOLIATEST FOR ALGOLIATEST FOR ALGOLIATEST FOR ALGOLIATEST FOR ALGOLIA</p>', NULL, 'test-for-algolia', NULL, NULL, 'PUBLISHED', 0, '2019-11-07 17:51:59', '2019-11-07 17:51:59');

-- --------------------------------------------------------

--
-- Структура таблицы `programs`
--

CREATE TABLE `programs` (
  `id` int(10) UNSIGNED NOT NULL,
  `created_at` timestamp NULL DEFAULT NULL,
  `updated_at` timestamp NULL DEFAULT NULL,
  `deleted_at` timestamp NULL DEFAULT NULL,
  `name` varchar(255) COLLATE utf8mb4_unicode_ci NOT NULL,
  `content` text COLLATE utf8mb4_unicode_ci DEFAULT NULL
) ENGINE=InnoDB DEFAULT CHARSET=utf8mb4 COLLATE=utf8mb4_unicode_ci;

--
-- Дамп данных таблицы `programs`
--

INSERT INTO `programs` (`id`, `created_at`, `updated_at`, `deleted_at`, `name`, `content`) VALUES
(1, '2019-10-20 10:33:43', '2019-10-20 10:33:43', NULL, 'Очищена, оновлена та відповідальна влада', '<p>— Запровадимо механізм відкликання депутатів, які втратили довіру виборців</p> <p>— Створимо механізм народного вето на щойно ухвалені закони</p> <p>— Запровадимо механізми впливу громадян на рішення влади через референдуми</p> <p>— Повернемо відповідальність чиновників за незаконне збагачення</p> <p>— Запровадимо вибори за пропорційною системою з відкритими списками та електронне голосування</p> <p>— Проведемо децентралізацію влади відповідно до європейських норм: передамо максимум можливих повноважень виконкомам місцевих рад, перетворимо державні адміністрації на префектури європейського типу</p> <p>— Позбавимо власників медіа можливості впливати на те, що говорять чи пишуть журналісти</p>'),
(2, '2019-10-21 13:31:00', '2019-10-31 11:08:27', NULL, 'Знищення системної корупції', NULL),
(5, '2019-10-20 10:33:43', '2019-10-20 10:33:43', NULL, 'Очищена, оновлена та відповідальна влада', '<p>— Запровадимо механізм відкликання депутатів, які втратили довіру виборців</p> <p>— Створимо механізм народного вето на щойно ухвалені закони</p> <p>— Запровадимо механізми впливу громадян на рішення влади через референдуми</p> <p>— Повернемо відповідальність чиновників за незаконне збагачення</p> <p>— Запровадимо вибори за пропорційною системою з відкритими списками та електронне голосування</p> <p>— Проведемо децентралізацію влади відповідно до європейських норм: передамо максимум можливих повноважень виконкомам місцевих рад, перетворимо державні адміністрації на префектури європейського типу</p> <p>— Позбавимо власників медіа можливості впливати на те, що говорять чи пишуть журналісти</p>'),
(6, '2019-10-21 13:31:00', '2019-10-21 13:32:47', NULL, 'Знищення системної корупції', '<p>— Переведемо максимально можливу кількість державних послуг в онлайн</p> <p>— Здійснимо радикальне очищення та перезавантаження прокуратури</p> <p>— Забезпечимо реальну незалежність антикорупційних органів, неефективні чи скомпрометовані органи – перезапустимо</p> <p>— Впровадимо обов\'язкову конфіскацію майна корупціонерів</p> <p>— Запровадимо систему грошової винагороди для громадян за виявлення корупції</p> <p>— Позбавимо СБУ, ГПУ та Нацполіцію непритаманних їм функцій ущемлення бізнесу</p>'),
(7, '2019-10-20 10:33:43', '2019-10-20 10:33:43', NULL, 'Очищена, оновлена та відповідальна влада', '<p>— Запровадимо механізм відкликання депутатів, які втратили довіру виборців</p> <p>— Створимо механізм народного вето на щойно ухвалені закони</p> <p>— Запровадимо механізми впливу громадян на рішення влади через референдуми</p> <p>— Повернемо відповідальність чиновників за незаконне збагачення</p> <p>— Запровадимо вибори за пропорційною системою з відкритими списками та електронне голосування</p> <p>— Проведемо децентралізацію влади відповідно до європейських норм: передамо максимум можливих повноважень виконкомам місцевих рад, перетворимо державні адміністрації на префектури європейського типу</p> <p>— Позбавимо власників медіа можливості впливати на те, що говорять чи пишуть журналісти</p>'),
(8, '2019-10-21 13:31:00', '2019-10-21 13:32:47', NULL, 'Знищення системної корупції', '<p>— Переведемо максимально можливу кількість державних послуг в онлайн</p> <p>— Здійснимо радикальне очищення та перезавантаження прокуратури</p> <p>— Забезпечимо реальну незалежність антикорупційних органів, неефективні чи скомпрометовані органи – перезапустимо</p> <p>— Впровадимо обов\'язкову конфіскацію майна корупціонерів</p> <p>— Запровадимо систему грошової винагороди для громадян за виявлення корупції</p> <p>— Позбавимо СБУ, ГПУ та Нацполіцію непритаманних їм функцій ущемлення бізнесу</p>'),
(9, '2019-10-20 10:33:43', '2019-10-20 10:33:43', NULL, 'Очищена, оновлена та відповідальна влада', '<p>— Запровадимо механізм відкликання депутатів, які втратили довіру виборців</p> <p>— Створимо механізм народного вето на щойно ухвалені закони</p> <p>— Запровадимо механізми впливу громадян на рішення влади через референдуми</p> <p>— Повернемо відповідальність чиновників за незаконне збагачення</p> <p>— Запровадимо вибори за пропорційною системою з відкритими списками та електронне голосування</p> <p>— Проведемо децентралізацію влади відповідно до європейських норм: передамо максимум можливих повноважень виконкомам місцевих рад, перетворимо державні адміністрації на префектури європейського типу</p> <p>— Позбавимо власників медіа можливості впливати на те, що говорять чи пишуть журналісти</p>'),
(10, '2019-10-21 13:31:00', '2019-10-21 13:32:47', NULL, 'Знищення системної корупції', '<p>— Переведемо максимально можливу кількість державних послуг в онлайн</p> <p>— Здійснимо радикальне очищення та перезавантаження прокуратури</p> <p>— Забезпечимо реальну незалежність антикорупційних органів, неефективні чи скомпрометовані органи – перезапустимо</p> <p>— Впровадимо обов\'язкову конфіскацію майна корупціонерів</p> <p>— Запровадимо систему грошової винагороди для громадян за виявлення корупції</p> <p>— Позбавимо СБУ, ГПУ та Нацполіцію непритаманних їм функцій ущемлення бізнесу</p>'),
(11, '2019-10-20 10:33:43', '2019-10-20 10:33:43', NULL, 'Очищена, оновлена та відповідальна влада', '<p>— Запровадимо механізм відкликання депутатів, які втратили довіру виборців</p> <p>— Створимо механізм народного вето на щойно ухвалені закони</p> <p>— Запровадимо механізми впливу громадян на рішення влади через референдуми</p> <p>— Повернемо відповідальність чиновників за незаконне збагачення</p> <p>— Запровадимо вибори за пропорційною системою з відкритими списками та електронне голосування</p> <p>— Проведемо децентралізацію влади відповідно до європейських норм: передамо максимум можливих повноважень виконкомам місцевих рад, перетворимо державні адміністрації на префектури європейського типу</p> <p>— Позбавимо власників медіа можливості впливати на те, що говорять чи пишуть журналісти</p>'),
(12, '2019-10-21 13:31:00', '2019-10-21 13:32:47', NULL, 'Знищення системної корупції', '<p>— Переведемо максимально можливу кількість державних послуг в онлайн</p> <p>— Здійснимо радикальне очищення та перезавантаження прокуратури</p> <p>— Забезпечимо реальну незалежність антикорупційних органів, неефективні чи скомпрометовані органи – перезапустимо</p> <p>— Впровадимо обов\'язкову конфіскацію майна корупціонерів</p> <p>— Запровадимо систему грошової винагороди для громадян за виявлення корупції</p> <p>— Позбавимо СБУ, ГПУ та Нацполіцію непритаманних їм функцій ущемлення бізнесу</p>'),
(13, '2019-10-20 10:33:43', '2019-10-20 10:33:43', NULL, 'Очищена, оновлена та відповідальна влада', '<p>— Запровадимо механізм відкликання депутатів, які втратили довіру виборців</p> <p>— Створимо механізм народного вето на щойно ухвалені закони</p> <p>— Запровадимо механізми впливу громадян на рішення влади через референдуми</p> <p>— Повернемо відповідальність чиновників за незаконне збагачення</p> <p>— Запровадимо вибори за пропорційною системою з відкритими списками та електронне голосування</p> <p>— Проведемо децентралізацію влади відповідно до європейських норм: передамо максимум можливих повноважень виконкомам місцевих рад, перетворимо державні адміністрації на префектури європейського типу</p> <p>— Позбавимо власників медіа можливості впливати на те, що говорять чи пишуть журналісти</p>'),
(14, '2019-10-21 13:31:00', '2019-10-21 13:32:47', NULL, 'Знищення системної корупції', '<p>— Переведемо максимально можливу кількість державних послуг в онлайн</p> <p>— Здійснимо радикальне очищення та перезавантаження прокуратури</p> <p>— Забезпечимо реальну незалежність антикорупційних органів, неефективні чи скомпрометовані органи – перезапустимо</p> <p>— Впровадимо обов\'язкову конфіскацію майна корупціонерів</p> <p>— Запровадимо систему грошової винагороди для громадян за виявлення корупції</p> <p>— Позбавимо СБУ, ГПУ та Нацполіцію непритаманних їм функцій ущемлення бізнесу</p>'),
(15, '2019-10-20 10:33:43', '2019-10-20 10:33:43', NULL, 'Очищена, оновлена та відповідальна влада', '<p>— Запровадимо механізм відкликання депутатів, які втратили довіру виборців</p> <p>— Створимо механізм народного вето на щойно ухвалені закони</p> <p>— Запровадимо механізми впливу громадян на рішення влади через референдуми</p> <p>— Повернемо відповідальність чиновників за незаконне збагачення</p> <p>— Запровадимо вибори за пропорційною системою з відкритими списками та електронне голосування</p> <p>— Проведемо децентралізацію влади відповідно до європейських норм: передамо максимум можливих повноважень виконкомам місцевих рад, перетворимо державні адміністрації на префектури європейського типу</p> <p>— Позбавимо власників медіа можливості впливати на те, що говорять чи пишуть журналісти</p>'),
(16, '2019-10-21 13:31:00', '2019-10-21 13:32:47', NULL, 'Знищення системної корупції', '<p>— Переведемо максимально можливу кількість державних послуг в онлайн</p> <p>— Здійснимо радикальне очищення та перезавантаження прокуратури</p> <p>— Забезпечимо реальну незалежність антикорупційних органів, неефективні чи скомпрометовані органи – перезапустимо</p> <p>— Впровадимо обов\'язкову конфіскацію майна корупціонерів</p> <p>— Запровадимо систему грошової винагороди для громадян за виявлення корупції</p> <p>— Позбавимо СБУ, ГПУ та Нацполіцію непритаманних їм функцій ущемлення бізнесу</p>'),
(17, '2019-10-20 10:33:43', '2019-10-20 10:33:43', NULL, 'Очищена, оновлена та відповідальна влада', '<p>— Запровадимо механізм відкликання депутатів, які втратили довіру виборців</p> <p>— Створимо механізм народного вето на щойно ухвалені закони</p> <p>— Запровадимо механізми впливу громадян на рішення влади через референдуми</p> <p>— Повернемо відповідальність чиновників за незаконне збагачення</p> <p>— Запровадимо вибори за пропорційною системою з відкритими списками та електронне голосування</p> <p>— Проведемо децентралізацію влади відповідно до європейських норм: передамо максимум можливих повноважень виконкомам місцевих рад, перетворимо державні адміністрації на префектури європейського типу</p> <p>— Позбавимо власників медіа можливості впливати на те, що говорять чи пишуть журналісти</p>'),
(18, '2019-10-21 13:31:00', '2019-10-21 13:32:47', NULL, 'Знищення системної корупції', '<p>— Переведемо максимально можливу кількість державних послуг в онлайн</p> <p>— Здійснимо радикальне очищення та перезавантаження прокуратури</p> <p>— Забезпечимо реальну незалежність антикорупційних органів, неефективні чи скомпрометовані органи – перезапустимо</p> <p>— Впровадимо обов\'язкову конфіскацію майна корупціонерів</p> <p>— Запровадимо систему грошової винагороди для громадян за виявлення корупції</p> <p>— Позбавимо СБУ, ГПУ та Нацполіцію непритаманних їм функцій ущемлення бізнесу</p>'),
(19, '2019-10-20 10:33:43', '2019-10-20 10:33:43', NULL, 'Очищена, оновлена та відповідальна влада', '<p>— Запровадимо механізм відкликання депутатів, які втратили довіру виборців</p> <p>— Створимо механізм народного вето на щойно ухвалені закони</p> <p>— Запровадимо механізми впливу громадян на рішення влади через референдуми</p> <p>— Повернемо відповідальність чиновників за незаконне збагачення</p> <p>— Запровадимо вибори за пропорційною системою з відкритими списками та електронне голосування</p> <p>— Проведемо децентралізацію влади відповідно до європейських норм: передамо максимум можливих повноважень виконкомам місцевих рад, перетворимо державні адміністрації на префектури європейського типу</p> <p>— Позбавимо власників медіа можливості впливати на те, що говорять чи пишуть журналісти</p>'),
(20, '2019-10-21 13:31:00', '2019-10-21 13:32:47', NULL, 'Знищення системної корупції', '<p>— Переведемо максимально можливу кількість державних послуг в онлайн</p> <p>— Здійснимо радикальне очищення та перезавантаження прокуратури</p> <p>— Забезпечимо реальну незалежність антикорупційних органів, неефективні чи скомпрометовані органи – перезапустимо</p> <p>— Впровадимо обов\'язкову конфіскацію майна корупціонерів</p> <p>— Запровадимо систему грошової винагороди для громадян за виявлення корупції</p> <p>— Позбавимо СБУ, ГПУ та Нацполіцію непритаманних їм функцій ущемлення бізнесу</p>'),
(21, '2019-10-20 10:33:43', '2019-10-20 10:33:43', NULL, 'Очищена, оновлена та відповідальна влада', '<p>— Запровадимо механізм відкликання депутатів, які втратили довіру виборців</p> <p>— Створимо механізм народного вето на щойно ухвалені закони</p> <p>— Запровадимо механізми впливу громадян на рішення влади через референдуми</p> <p>— Повернемо відповідальність чиновників за незаконне збагачення</p> <p>— Запровадимо вибори за пропорційною системою з відкритими списками та електронне голосування</p> <p>— Проведемо децентралізацію влади відповідно до європейських норм: передамо максимум можливих повноважень виконкомам місцевих рад, перетворимо державні адміністрації на префектури європейського типу</p> <p>— Позбавимо власників медіа можливості впливати на те, що говорять чи пишуть журналісти</p>'),
(22, '2019-10-21 13:31:00', '2019-10-21 13:32:47', NULL, 'Знищення системної корупції', '<p>— Переведемо максимально можливу кількість державних послуг в онлайн</p> <p>— Здійснимо радикальне очищення та перезавантаження прокуратури</p> <p>— Забезпечимо реальну незалежність антикорупційних органів, неефективні чи скомпрометовані органи – перезапустимо</p> <p>— Впровадимо обов\'язкову конфіскацію майна корупціонерів</p> <p>— Запровадимо систему грошової винагороди для громадян за виявлення корупції</p> <p>— Позбавимо СБУ, ГПУ та Нацполіцію непритаманних їм функцій ущемлення бізнесу</p>'),
(23, '2019-10-20 10:33:43', '2019-10-20 10:33:43', NULL, 'Очищена, оновлена та відповідальна влада', '<p>— Запровадимо механізм відкликання депутатів, які втратили довіру виборців</p> <p>— Створимо механізм народного вето на щойно ухвалені закони</p> <p>— Запровадимо механізми впливу громадян на рішення влади через референдуми</p> <p>— Повернемо відповідальність чиновників за незаконне збагачення</p> <p>— Запровадимо вибори за пропорційною системою з відкритими списками та електронне голосування</p> <p>— Проведемо децентралізацію влади відповідно до європейських норм: передамо максимум можливих повноважень виконкомам місцевих рад, перетворимо державні адміністрації на префектури європейського типу</p> <p>— Позбавимо власників медіа можливості впливати на те, що говорять чи пишуть журналісти</p>'),
(24, '2019-10-21 13:31:00', '2019-10-21 13:32:47', NULL, 'Знищення системної корупції', '<p>— Переведемо максимально можливу кількість державних послуг в онлайн</p> <p>— Здійснимо радикальне очищення та перезавантаження прокуратури</p> <p>— Забезпечимо реальну незалежність антикорупційних органів, неефективні чи скомпрометовані органи – перезапустимо</p> <p>— Впровадимо обов\'язкову конфіскацію майна корупціонерів</p> <p>— Запровадимо систему грошової винагороди для громадян за виявлення корупції</p> <p>— Позбавимо СБУ, ГПУ та Нацполіцію непритаманних їм функцій ущемлення бізнесу</p>'),
(25, '2019-10-20 10:33:43', '2019-10-20 10:33:43', NULL, 'Очищена, оновлена та відповідальна влада', '<p>— Запровадимо механізм відкликання депутатів, які втратили довіру виборців</p> <p>— Створимо механізм народного вето на щойно ухвалені закони</p> <p>— Запровадимо механізми впливу громадян на рішення влади через референдуми</p> <p>— Повернемо відповідальність чиновників за незаконне збагачення</p> <p>— Запровадимо вибори за пропорційною системою з відкритими списками та електронне голосування</p> <p>— Проведемо децентралізацію влади відповідно до європейських норм: передамо максимум можливих повноважень виконкомам місцевих рад, перетворимо державні адміністрації на префектури європейського типу</p> <p>— Позбавимо власників медіа можливості впливати на те, що говорять чи пишуть журналісти</p>'),
(26, '2019-10-21 13:31:00', '2019-10-21 13:32:47', NULL, 'Знищення системної корупції', '<p>— Переведемо максимально можливу кількість державних послуг в онлайн</p> <p>— Здійснимо радикальне очищення та перезавантаження прокуратури</p> <p>— Забезпечимо реальну незалежність антикорупційних органів, неефективні чи скомпрометовані органи – перезапустимо</p> <p>— Впровадимо обов\'язкову конфіскацію майна корупціонерів</p> <p>— Запровадимо систему грошової винагороди для громадян за виявлення корупції</p> <p>— Позбавимо СБУ, ГПУ та Нацполіцію непритаманних їм функцій ущемлення бізнесу</p>'),
(27, '2019-10-20 10:33:43', '2019-10-20 10:33:43', NULL, 'Очищена, оновлена та відповідальна влада', '<p>— Запровадимо механізм відкликання депутатів, які втратили довіру виборців</p> <p>— Створимо механізм народного вето на щойно ухвалені закони</p> <p>— Запровадимо механізми впливу громадян на рішення влади через референдуми</p> <p>— Повернемо відповідальність чиновників за незаконне збагачення</p> <p>— Запровадимо вибори за пропорційною системою з відкритими списками та електронне голосування</p> <p>— Проведемо децентралізацію влади відповідно до європейських норм: передамо максимум можливих повноважень виконкомам місцевих рад, перетворимо державні адміністрації на префектури європейського типу</p> <p>— Позбавимо власників медіа можливості впливати на те, що говорять чи пишуть журналісти</p>'),
(28, '2019-10-21 13:31:00', '2019-10-21 13:32:47', NULL, 'Знищення системної корупції', '<p>— Переведемо максимально можливу кількість державних послуг в онлайн</p> <p>— Здійснимо радикальне очищення та перезавантаження прокуратури</p> <p>— Забезпечимо реальну незалежність антикорупційних органів, неефективні чи скомпрометовані органи – перезапустимо</p> <p>— Впровадимо обов\'язкову конфіскацію майна корупціонерів</p> <p>— Запровадимо систему грошової винагороди для громадян за виявлення корупції</p> <p>— Позбавимо СБУ, ГПУ та Нацполіцію непритаманних їм функцій ущемлення бізнесу</p>'),
(29, '2019-10-20 10:33:43', '2019-10-20 10:33:43', NULL, 'Очищена, оновлена та відповідальна влада', '<p>— Запровадимо механізм відкликання депутатів, які втратили довіру виборців</p> <p>— Створимо механізм народного вето на щойно ухвалені закони</p> <p>— Запровадимо механізми впливу громадян на рішення влади через референдуми</p> <p>— Повернемо відповідальність чиновників за незаконне збагачення</p> <p>— Запровадимо вибори за пропорційною системою з відкритими списками та електронне голосування</p> <p>— Проведемо децентралізацію влади відповідно до європейських норм: передамо максимум можливих повноважень виконкомам місцевих рад, перетворимо державні адміністрації на префектури європейського типу</p> <p>— Позбавимо власників медіа можливості впливати на те, що говорять чи пишуть журналісти</p>'),
(30, '2019-10-21 13:31:00', '2019-10-21 13:32:47', NULL, 'Знищення системної корупції', '<p>— Переведемо максимально можливу кількість державних послуг в онлайн</p> <p>— Здійснимо радикальне очищення та перезавантаження прокуратури</p> <p>— Забезпечимо реальну незалежність антикорупційних органів, неефективні чи скомпрометовані органи – перезапустимо</p> <p>— Впровадимо обов\'язкову конфіскацію майна корупціонерів</p> <p>— Запровадимо систему грошової винагороди для громадян за виявлення корупції</p> <p>— Позбавимо СБУ, ГПУ та Нацполіцію непритаманних їм функцій ущемлення бізнесу</p>'),
(31, '2019-10-20 10:33:43', '2019-10-20 10:33:43', NULL, 'Очищена, оновлена та відповідальна влада', '<p>— Запровадимо механізм відкликання депутатів, які втратили довіру виборців</p> <p>— Створимо механізм народного вето на щойно ухвалені закони</p> <p>— Запровадимо механізми впливу громадян на рішення влади через референдуми</p> <p>— Повернемо відповідальність чиновників за незаконне збагачення</p> <p>— Запровадимо вибори за пропорційною системою з відкритими списками та електронне голосування</p> <p>— Проведемо децентралізацію влади відповідно до європейських норм: передамо максимум можливих повноважень виконкомам місцевих рад, перетворимо державні адміністрації на префектури європейського типу</p> <p>— Позбавимо власників медіа можливості впливати на те, що говорять чи пишуть журналісти</p>'),
(32, '2019-10-21 13:31:00', '2019-10-21 13:32:47', NULL, 'Знищення системної корупції', '<p>— Переведемо максимально можливу кількість державних послуг в онлайн</p> <p>— Здійснимо радикальне очищення та перезавантаження прокуратури</p> <p>— Забезпечимо реальну незалежність антикорупційних органів, неефективні чи скомпрометовані органи – перезапустимо</p> <p>— Впровадимо обов\'язкову конфіскацію майна корупціонерів</p> <p>— Запровадимо систему грошової винагороди для громадян за виявлення корупції</p> <p>— Позбавимо СБУ, ГПУ та Нацполіцію непритаманних їм функцій ущемлення бізнесу</p>'),
(33, '2019-10-20 10:33:43', '2019-10-20 10:33:43', NULL, 'Очищена, оновлена та відповідальна влада', '<p>— Запровадимо механізм відкликання депутатів, які втратили довіру виборців</p> <p>— Створимо механізм народного вето на щойно ухвалені закони</p> <p>— Запровадимо механізми впливу громадян на рішення влади через референдуми</p> <p>— Повернемо відповідальність чиновників за незаконне збагачення</p> <p>— Запровадимо вибори за пропорційною системою з відкритими списками та електронне голосування</p> <p>— Проведемо децентралізацію влади відповідно до європейських норм: передамо максимум можливих повноважень виконкомам місцевих рад, перетворимо державні адміністрації на префектури європейського типу</p> <p>— Позбавимо власників медіа можливості впливати на те, що говорять чи пишуть журналісти</p>'),
(34, '2019-10-21 13:31:00', '2019-10-21 13:32:47', NULL, 'Знищення системної корупції', '<p>— Переведемо максимально можливу кількість державних послуг в онлайн</p> <p>— Здійснимо радикальне очищення та перезавантаження прокуратури</p> <p>— Забезпечимо реальну незалежність антикорупційних органів, неефективні чи скомпрометовані органи – перезапустимо</p> <p>— Впровадимо обов\'язкову конфіскацію майна корупціонерів</p> <p>— Запровадимо систему грошової винагороди для громадян за виявлення корупції</p> <p>— Позбавимо СБУ, ГПУ та Нацполіцію непритаманних їм функцій ущемлення бізнесу</p>');

-- --------------------------------------------------------

--
-- Структура таблицы `roles`
--

CREATE TABLE `roles` (
  `id` bigint(20) UNSIGNED NOT NULL,
  `name` varchar(255) COLLATE utf8mb4_unicode_ci NOT NULL,
  `display_name` varchar(255) COLLATE utf8mb4_unicode_ci NOT NULL,
  `created_at` timestamp NULL DEFAULT NULL,
  `updated_at` timestamp NULL DEFAULT NULL
) ENGINE=InnoDB DEFAULT CHARSET=utf8mb4 COLLATE=utf8mb4_unicode_ci;

--
-- Дамп данных таблицы `roles`
--

INSERT INTO `roles` (`id`, `name`, `display_name`, `created_at`, `updated_at`) VALUES
(1, 'admin', 'Administrator', '2019-10-20 10:25:59', '2019-10-20 10:25:59'),
(2, 'user', 'Normal User', '2019-10-20 10:25:59', '2019-10-20 10:25:59');

-- --------------------------------------------------------

--
-- Структура таблицы `settings`
--

CREATE TABLE `settings` (
  `id` int(10) UNSIGNED NOT NULL,
  `key` varchar(255) COLLATE utf8mb4_unicode_ci NOT NULL,
  `display_name` varchar(255) COLLATE utf8mb4_unicode_ci NOT NULL,
  `value` text COLLATE utf8mb4_unicode_ci DEFAULT NULL,
  `details` text COLLATE utf8mb4_unicode_ci DEFAULT NULL,
  `type` varchar(255) COLLATE utf8mb4_unicode_ci NOT NULL,
  `order` int(11) NOT NULL DEFAULT 1,
  `group` varchar(255) COLLATE utf8mb4_unicode_ci DEFAULT NULL
) ENGINE=InnoDB DEFAULT CHARSET=utf8mb4 COLLATE=utf8mb4_unicode_ci;

--
-- Дамп данных таблицы `settings`
--

INSERT INTO `settings` (`id`, `key`, `display_name`, `value`, `details`, `type`, `order`, `group`) VALUES
(1, 'site.title', 'Site Title', 'НАЗВА', '', 'text', 1, 'Site'),
(2, 'site.description', 'Site Description', 'Site Description', '', 'text', 3, 'Site'),
(3, 'site.logo', 'Site Logo', '', '', 'image', 4, 'Site'),
(4, 'site.google_analytics_tracking_id', 'Google Analytics Tracking ID', NULL, '', 'text', 6, 'Site'),
(5, 'admin.bg_image', 'Admin Background Image', '', '', 'image', 5, 'Admin'),
(6, 'admin.title', 'Admin Title', 'Voyager', '', 'text', 1, 'Admin'),
(7, 'admin.description', 'Admin Description', 'Welcome to Voyager. The Missing Admin for Laravel', '', 'text', 2, 'Admin'),
(8, 'admin.loader', 'Admin Loader', '', '', 'image', 3, 'Admin'),
(9, 'admin.icon_image', 'Admin Icon Image', '', '', 'image', 4, 'Admin'),
(10, 'admin.google_analytics_client_id', 'Google Analytics Client ID (used for admin dashboard)', NULL, '', 'text', 1, 'Admin'),
(12, 'site.keywords', 'Site keywords', NULL, NULL, 'text', 11, 'Site'),
(13, 'general.app_id', 'facebook_app_id', '1688448884540441', NULL, 'text', 7, 'general'),
(14, 'general.secret_id', 'facebook_secret_id', 'bcbebbc7fc10edd20aba92e62332735d', NULL, 'text', 8, 'general'),
(15, 'general.group_id', 'facebook group_id', '110772213689617', NULL, 'text', 9, 'general'),
(16, 'general.access_token', 'facebook access token', 'EAAXZCoqP8BBkBAEfvVPVEKnY8EX6JRHwKlzgCNBIG9d5IuWgB7R9sbz78QbLcippU9GpAbbacQ5JdOjcMIv92T5n5J8UhRlbnUZAYvZAm1vZBZCSL1ZA6JvFyz7ZAWxfvnJMn1a9CZBQLIdZCizJVdWTWZCCV4hZCHqkMTceAF81sOIxwZDZD', NULL, 'text', 10, 'general'),
(18, 'site.email', 'email', 'emai@emaill.com', NULL, 'text', 12, 'Site'),
(19, 'site.phone', 'phone', '+3980808089088', NULL, 'text', 13, 'Site'),
(20, 'site.adress', 'adress', 'NEW YORK UKRAINE', NULL, 'text', 14, 'Site'),
(22, 'site.icon_image', 'icon', 'settings\\October2019\\oPJBNiH2DmoSmd8ssQE1.jpg', NULL, 'image', 15, 'Site'),
(23, 'site.fblogo', 'fb_logo', 'settings\\November2019\\LCd89CuL0RhxxULstoJF.png', NULL, 'image', 16, 'Site'),
(24, 'site.twlogo', 'twitterlogo', 'settings\\November2019\\xo5IUlMXR9s6zh9gBgkl.png', NULL, 'image', 17, 'Site'),
(25, 'site.pre_title', 'pre_title', 'Політична партія', NULL, 'text', 2, 'Site');

-- --------------------------------------------------------

--
-- Структура таблицы `testtable`
--

CREATE TABLE `testtable` (
  `id` int(10) UNSIGNED NOT NULL,
  `created_at` timestamp NULL DEFAULT NULL,
  `updated_at` timestamp NULL DEFAULT NULL,
  `deleted_at` timestamp NULL DEFAULT NULL
) ENGINE=InnoDB DEFAULT CHARSET=utf8mb4 COLLATE=utf8mb4_unicode_ci;

-- --------------------------------------------------------

--
-- Структура таблицы `translations`
--

CREATE TABLE `translations` (
  `id` int(10) UNSIGNED NOT NULL,
  `table_name` varchar(255) COLLATE utf8mb4_unicode_ci NOT NULL,
  `column_name` varchar(255) COLLATE utf8mb4_unicode_ci NOT NULL,
  `foreign_key` int(10) UNSIGNED NOT NULL,
  `locale` varchar(255) COLLATE utf8mb4_unicode_ci NOT NULL,
  `value` text COLLATE utf8mb4_unicode_ci NOT NULL,
  `created_at` timestamp NULL DEFAULT NULL,
  `updated_at` timestamp NULL DEFAULT NULL
) ENGINE=InnoDB DEFAULT CHARSET=utf8mb4 COLLATE=utf8mb4_unicode_ci;

--
-- Дамп данных таблицы `translations`
--

INSERT INTO `translations` (`id`, `table_name`, `column_name`, `foreign_key`, `locale`, `value`, `created_at`, `updated_at`) VALUES
(1, 'data_types', 'display_name_singular', 5, 'pt', 'Post', '2019-10-20 10:26:07', '2019-10-20 10:26:07'),
(2, 'data_types', 'display_name_singular', 6, 'pt', 'Página', '2019-10-20 10:26:07', '2019-10-20 10:26:07'),
(3, 'data_types', 'display_name_singular', 1, 'pt', 'Utilizador', '2019-10-20 10:26:07', '2019-10-20 10:26:07'),
(4, 'data_types', 'display_name_singular', 4, 'pt', 'Categoria', '2019-10-20 10:26:07', '2019-10-20 10:26:07'),
(5, 'data_types', 'display_name_singular', 2, 'pt', 'Menu', '2019-10-20 10:26:07', '2019-10-20 10:26:07'),
(6, 'data_types', 'display_name_singular', 3, 'pt', 'Função', '2019-10-20 10:26:07', '2019-10-20 10:26:07'),
(7, 'data_types', 'display_name_plural', 5, 'pt', 'Posts', '2019-10-20 10:26:07', '2019-10-20 10:26:07'),
(8, 'data_types', 'display_name_plural', 6, 'pt', 'Páginas', '2019-10-20 10:26:07', '2019-10-20 10:26:07'),
(9, 'data_types', 'display_name_plural', 1, 'pt', 'Utilizadores', '2019-10-20 10:26:07', '2019-10-20 10:26:07'),
(10, 'data_types', 'display_name_plural', 4, 'pt', 'Categorias', '2019-10-20 10:26:07', '2019-10-20 10:26:07'),
(11, 'data_types', 'display_name_plural', 2, 'pt', 'Menus', '2019-10-20 10:26:07', '2019-10-20 10:26:07'),
(12, 'data_types', 'display_name_plural', 3, 'pt', 'Funções', '2019-10-20 10:26:07', '2019-10-20 10:26:07'),
(13, 'categories', 'slug', 1, 'pt', 'categoria-1', '2019-10-20 10:26:07', '2019-10-20 10:26:07'),
(14, 'categories', 'name', 1, 'pt', 'Categoria 1', '2019-10-20 10:26:07', '2019-10-20 10:26:07'),
(15, 'categories', 'slug', 2, 'pt', 'categoria-2', '2019-10-20 10:26:07', '2019-10-20 10:26:07'),
(16, 'categories', 'name', 2, 'pt', 'Categoria 2', '2019-10-20 10:26:08', '2019-10-20 10:26:08'),
(17, 'pages', 'title', 1, 'pt', 'Olá Mundo', '2019-10-20 10:26:08', '2019-10-20 10:26:08'),
(18, 'pages', 'slug', 1, 'pt', 'ola-mundo', '2019-10-20 10:26:08', '2019-10-20 10:26:08'),
(19, 'pages', 'body', 1, 'pt', '<p>Olá Mundo. Scallywag grog swab Cat o\'nine tails scuttle rigging hardtack cable nipper Yellow Jack. Handsomely spirits knave lad killick landlubber or just lubber deadlights chantey pinnace crack Jennys tea cup. Provost long clothes black spot Yellow Jack bilged on her anchor league lateen sail case shot lee tackle.</p>\r\n<p>Ballast spirits fluke topmast me quarterdeck schooner landlubber or just lubber gabion belaying pin. Pinnace stern galleon starboard warp carouser to go on account dance the hempen jig jolly boat measured fer yer chains. Man-of-war fire in the hole nipperkin handsomely doubloon barkadeer Brethren of the Coast gibbet driver squiffy.</p>', '2019-10-20 10:26:08', '2019-10-20 10:26:08'),
(20, 'menu_items', 'title', 1, 'pt', 'Painel de Controle', '2019-10-20 10:26:08', '2019-10-20 10:26:08'),
(21, 'menu_items', 'title', 2, 'pt', 'Media', '2019-10-20 10:26:08', '2019-10-20 10:26:08'),
(22, 'menu_items', 'title', 12, 'pt', 'Publicações', '2019-10-20 10:26:08', '2019-10-20 10:26:08'),
(23, 'menu_items', 'title', 3, 'pt', 'Utilizadores', '2019-10-20 10:26:08', '2019-10-20 10:26:08'),
(24, 'menu_items', 'title', 11, 'pt', 'Categorias', '2019-10-20 10:26:08', '2019-10-20 10:26:08'),
(25, 'menu_items', 'title', 13, 'pt', 'Páginas', '2019-10-20 10:26:08', '2019-10-20 10:26:08'),
(26, 'menu_items', 'title', 4, 'pt', 'Funções', '2019-10-20 10:26:08', '2019-10-20 10:26:08'),
(27, 'menu_items', 'title', 5, 'pt', 'Ferramentas', '2019-10-20 10:26:08', '2019-10-20 10:26:08'),
(28, 'menu_items', 'title', 6, 'pt', 'Menus', '2019-10-20 10:26:08', '2019-10-20 10:26:08'),
(29, 'menu_items', 'title', 7, 'pt', 'Base de dados', '2019-10-20 10:26:08', '2019-10-20 10:26:08'),
(30, 'menu_items', 'title', 10, 'pt', 'Configurações', '2019-10-20 10:26:08', '2019-10-20 10:26:08');

-- --------------------------------------------------------

--
-- Структура таблицы `users`
--

CREATE TABLE `users` (
  `id` bigint(20) UNSIGNED NOT NULL,
  `role_id` bigint(20) UNSIGNED DEFAULT NULL,
  `name` varchar(255) COLLATE utf8mb4_unicode_ci NOT NULL,
  `email` varchar(255) COLLATE utf8mb4_unicode_ci NOT NULL,
  `avatar` varchar(255) COLLATE utf8mb4_unicode_ci DEFAULT 'users/default.png',
  `email_verified_at` timestamp NULL DEFAULT NULL,
  `password` varchar(255) COLLATE utf8mb4_unicode_ci NOT NULL,
  `remember_token` varchar(100) COLLATE utf8mb4_unicode_ci DEFAULT NULL,
  `settings` text COLLATE utf8mb4_unicode_ci DEFAULT NULL,
  `created_at` timestamp NULL DEFAULT NULL,
  `updated_at` timestamp NULL DEFAULT NULL
) ENGINE=InnoDB DEFAULT CHARSET=utf8mb4 COLLATE=utf8mb4_unicode_ci;

--
-- Дамп данных таблицы `users`
--

INSERT INTO `users` (`id`, `role_id`, `name`, `email`, `avatar`, `email_verified_at`, `password`, `remember_token`, `settings`, `created_at`, `updated_at`) VALUES
(1, 1, 'Dima', 'dimafilipenko2002@gmail.com', 'users\\October2019\\Svnwzw01HC4dxQXkNORn.png', NULL, '$2y$10$DvwWaqLJHjVMesxc0ZwtfO9pOD8W.8wQNZqde9X.0eDsnEC8SrYAW', 'Mt3j56fre9qNdgKBukChAo4D0Zzvf3SCK2T1nh25ynaktuh2RPYfGX1ikNBX', '{\"locale\":\"ru\"}', '2019-10-20 10:26:05', '2019-10-21 15:52:16');

-- --------------------------------------------------------

--
-- Структура таблицы `user_requests`
--

CREATE TABLE `user_requests` (
  `id` int(10) UNSIGNED NOT NULL,
  `first_name` varchar(64) COLLATE utf8mb4_unicode_ci NOT NULL,
  `last_name` varchar(64) COLLATE utf8mb4_unicode_ci NOT NULL,
  `email` varchar(255) COLLATE utf8mb4_unicode_ci DEFAULT NULL,
  `phone` varchar(20) COLLATE utf8mb4_unicode_ci DEFAULT NULL,
  `message` text COLLATE utf8mb4_unicode_ci DEFAULT NULL,
  `position` varchar(255) COLLATE utf8mb4_unicode_ci DEFAULT NULL,
  `created_at` timestamp NULL DEFAULT NULL,
  `updated_at` timestamp NULL DEFAULT NULL,
  `deleted_at` timestamp NULL DEFAULT NULL
) ENGINE=InnoDB DEFAULT CHARSET=utf8mb4 COLLATE=utf8mb4_unicode_ci;

-- --------------------------------------------------------

--
-- Структура таблицы `user_roles`
--

CREATE TABLE `user_roles` (
  `user_id` bigint(20) UNSIGNED NOT NULL,
  `role_id` bigint(20) UNSIGNED NOT NULL
) ENGINE=InnoDB DEFAULT CHARSET=utf8mb4 COLLATE=utf8mb4_unicode_ci;

--
-- Индексы сохранённых таблиц
--

--
-- Индексы таблицы `blockcomments`
--
ALTER TABLE `blockcomments`
  ADD PRIMARY KEY (`id`);

--
-- Индексы таблицы `blockstats`
--
ALTER TABLE `blockstats`
  ADD PRIMARY KEY (`id`);

--
-- Индексы таблицы `categories`
--
ALTER TABLE `categories`
  ADD PRIMARY KEY (`id`),
  ADD UNIQUE KEY `categories_slug_unique` (`slug`),
  ADD KEY `categories_parent_id_foreign` (`parent_id`);

--
-- Индексы таблицы `data_rows`
--
ALTER TABLE `data_rows`
  ADD PRIMARY KEY (`id`),
  ADD KEY `data_rows_data_type_id_foreign` (`data_type_id`);

--
-- Индексы таблицы `data_types`
--
ALTER TABLE `data_types`
  ADD PRIMARY KEY (`id`),
  ADD UNIQUE KEY `data_types_name_unique` (`name`),
  ADD UNIQUE KEY `data_types_slug_unique` (`slug`);

--
-- Индексы таблицы `deputies`
--
ALTER TABLE `deputies`
  ADD PRIMARY KEY (`id`);

--
-- Индексы таблицы `emails`
--
ALTER TABLE `emails`
  ADD PRIMARY KEY (`id`);

--
-- Индексы таблицы `first_blocks`
--
ALTER TABLE `first_blocks`
  ADD PRIMARY KEY (`id`);

--
-- Индексы таблицы `menus`
--
ALTER TABLE `menus`
  ADD PRIMARY KEY (`id`),
  ADD UNIQUE KEY `menus_name_unique` (`name`);

--
-- Индексы таблицы `menu_items`
--
ALTER TABLE `menu_items`
  ADD PRIMARY KEY (`id`),
  ADD KEY `menu_items_menu_id_foreign` (`menu_id`);

--
-- Индексы таблицы `migrations`
--
ALTER TABLE `migrations`
  ADD PRIMARY KEY (`id`);

--
-- Индексы таблицы `new_messages`
--
ALTER TABLE `new_messages`
  ADD PRIMARY KEY (`id`);

--
-- Индексы таблицы `pages`
--
ALTER TABLE `pages`
  ADD PRIMARY KEY (`id`),
  ADD UNIQUE KEY `pages_slug_unique` (`slug`);

--
-- Индексы таблицы `password_resets`
--
ALTER TABLE `password_resets`
  ADD KEY `password_resets_email_index` (`email`);

--
-- Индексы таблицы `permissions`
--
ALTER TABLE `permissions`
  ADD PRIMARY KEY (`id`),
  ADD KEY `permissions_key_index` (`key`);

--
-- Индексы таблицы `permission_role`
--
ALTER TABLE `permission_role`
  ADD PRIMARY KEY (`permission_id`,`role_id`),
  ADD KEY `permission_role_permission_id_index` (`permission_id`),
  ADD KEY `permission_role_role_id_index` (`role_id`);

--
-- Индексы таблицы `posts`
--
ALTER TABLE `posts`
  ADD PRIMARY KEY (`id`),
  ADD UNIQUE KEY `posts_slug_unique` (`slug`);

--
-- Индексы таблицы `programs`
--
ALTER TABLE `programs`
  ADD PRIMARY KEY (`id`);

--
-- Индексы таблицы `roles`
--
ALTER TABLE `roles`
  ADD PRIMARY KEY (`id`),
  ADD UNIQUE KEY `roles_name_unique` (`name`);

--
-- Индексы таблицы `settings`
--
ALTER TABLE `settings`
  ADD PRIMARY KEY (`id`),
  ADD UNIQUE KEY `settings_key_unique` (`key`);

--
-- Индексы таблицы `testtable`
--
ALTER TABLE `testtable`
  ADD PRIMARY KEY (`id`);

--
-- Индексы таблицы `translations`
--
ALTER TABLE `translations`
  ADD PRIMARY KEY (`id`),
  ADD UNIQUE KEY `translations_table_name_column_name_foreign_key_locale_unique` (`table_name`,`column_name`,`foreign_key`,`locale`);

--
-- Индексы таблицы `users`
--
ALTER TABLE `users`
  ADD PRIMARY KEY (`id`),
  ADD UNIQUE KEY `users_email_unique` (`email`),
  ADD KEY `users_role_id_foreign` (`role_id`);

--
-- Индексы таблицы `user_requests`
--
ALTER TABLE `user_requests`
  ADD PRIMARY KEY (`id`);

--
-- Индексы таблицы `user_roles`
--
ALTER TABLE `user_roles`
  ADD PRIMARY KEY (`user_id`,`role_id`),
  ADD KEY `user_roles_user_id_index` (`user_id`),
  ADD KEY `user_roles_role_id_index` (`role_id`);

--
-- AUTO_INCREMENT для сохранённых таблиц
--

--
-- AUTO_INCREMENT для таблицы `blockcomments`
--
ALTER TABLE `blockcomments`
  MODIFY `id` int(10) UNSIGNED NOT NULL AUTO_INCREMENT, AUTO_INCREMENT=3;

--
-- AUTO_INCREMENT для таблицы `blockstats`
--
ALTER TABLE `blockstats`
  MODIFY `id` int(10) UNSIGNED NOT NULL AUTO_INCREMENT, AUTO_INCREMENT=6;

--
-- AUTO_INCREMENT для таблицы `categories`
--
ALTER TABLE `categories`
  MODIFY `id` int(10) UNSIGNED NOT NULL AUTO_INCREMENT, AUTO_INCREMENT=3;

--
-- AUTO_INCREMENT для таблицы `data_rows`
--
ALTER TABLE `data_rows`
  MODIFY `id` int(10) UNSIGNED NOT NULL AUTO_INCREMENT, AUTO_INCREMENT=127;

--
-- AUTO_INCREMENT для таблицы `data_types`
--
ALTER TABLE `data_types`
  MODIFY `id` int(10) UNSIGNED NOT NULL AUTO_INCREMENT, AUTO_INCREMENT=20;

--
-- AUTO_INCREMENT для таблицы `deputies`
--
ALTER TABLE `deputies`
  MODIFY `id` int(10) UNSIGNED NOT NULL AUTO_INCREMENT, AUTO_INCREMENT=10;

--
-- AUTO_INCREMENT для таблицы `emails`
--
ALTER TABLE `emails`
  MODIFY `id` int(10) UNSIGNED NOT NULL AUTO_INCREMENT, AUTO_INCREMENT=7;

--
-- AUTO_INCREMENT для таблицы `first_blocks`
--
ALTER TABLE `first_blocks`
  MODIFY `id` int(10) UNSIGNED NOT NULL AUTO_INCREMENT, AUTO_INCREMENT=4;

--
-- AUTO_INCREMENT для таблицы `menus`
--
ALTER TABLE `menus`
  MODIFY `id` int(10) UNSIGNED NOT NULL AUTO_INCREMENT, AUTO_INCREMENT=3;

--
-- AUTO_INCREMENT для таблицы `menu_items`
--
ALTER TABLE `menu_items`
  MODIFY `id` int(10) UNSIGNED NOT NULL AUTO_INCREMENT, AUTO_INCREMENT=35;

--
-- AUTO_INCREMENT для таблицы `migrations`
--
ALTER TABLE `migrations`
  MODIFY `id` int(10) UNSIGNED NOT NULL AUTO_INCREMENT, AUTO_INCREMENT=27;

--
-- AUTO_INCREMENT для таблицы `new_messages`
--
ALTER TABLE `new_messages`
  MODIFY `id` int(10) UNSIGNED NOT NULL AUTO_INCREMENT, AUTO_INCREMENT=4;

--
-- AUTO_INCREMENT для таблицы `pages`
--
ALTER TABLE `pages`
  MODIFY `id` int(10) UNSIGNED NOT NULL AUTO_INCREMENT, AUTO_INCREMENT=2;

--
-- AUTO_INCREMENT для таблицы `permissions`
--
ALTER TABLE `permissions`
  MODIFY `id` bigint(20) UNSIGNED NOT NULL AUTO_INCREMENT, AUTO_INCREMENT=102;

--
-- AUTO_INCREMENT для таблицы `posts`
--
ALTER TABLE `posts`
  MODIFY `id` int(10) UNSIGNED NOT NULL AUTO_INCREMENT, AUTO_INCREMENT=49;

--
-- AUTO_INCREMENT для таблицы `programs`
--
ALTER TABLE `programs`
  MODIFY `id` int(10) UNSIGNED NOT NULL AUTO_INCREMENT, AUTO_INCREMENT=35;

--
-- AUTO_INCREMENT для таблицы `roles`
--
ALTER TABLE `roles`
  MODIFY `id` bigint(20) UNSIGNED NOT NULL AUTO_INCREMENT, AUTO_INCREMENT=3;

--
-- AUTO_INCREMENT для таблицы `settings`
--
ALTER TABLE `settings`
  MODIFY `id` int(10) UNSIGNED NOT NULL AUTO_INCREMENT, AUTO_INCREMENT=26;

--
-- AUTO_INCREMENT для таблицы `testtable`
--
ALTER TABLE `testtable`
  MODIFY `id` int(10) UNSIGNED NOT NULL AUTO_INCREMENT;

--
-- AUTO_INCREMENT для таблицы `translations`
--
ALTER TABLE `translations`
  MODIFY `id` int(10) UNSIGNED NOT NULL AUTO_INCREMENT, AUTO_INCREMENT=31;

--
-- AUTO_INCREMENT для таблицы `users`
--
ALTER TABLE `users`
  MODIFY `id` bigint(20) UNSIGNED NOT NULL AUTO_INCREMENT, AUTO_INCREMENT=2;

--
-- AUTO_INCREMENT для таблицы `user_requests`
--
ALTER TABLE `user_requests`
  MODIFY `id` int(10) UNSIGNED NOT NULL AUTO_INCREMENT, AUTO_INCREMENT=2;

--
-- Ограничения внешнего ключа сохраненных таблиц
--

--
-- Ограничения внешнего ключа таблицы `categories`
--
ALTER TABLE `categories`
  ADD CONSTRAINT `categories_parent_id_foreign` FOREIGN KEY (`parent_id`) REFERENCES `categories` (`id`) ON DELETE SET NULL ON UPDATE CASCADE;

--
-- Ограничения внешнего ключа таблицы `data_rows`
--
ALTER TABLE `data_rows`
  ADD CONSTRAINT `data_rows_data_type_id_foreign` FOREIGN KEY (`data_type_id`) REFERENCES `data_types` (`id`) ON DELETE CASCADE ON UPDATE CASCADE;

--
-- Ограничения внешнего ключа таблицы `menu_items`
--
ALTER TABLE `menu_items`
  ADD CONSTRAINT `menu_items_menu_id_foreign` FOREIGN KEY (`menu_id`) REFERENCES `menus` (`id`) ON DELETE CASCADE;

--
-- Ограничения внешнего ключа таблицы `permission_role`
--
ALTER TABLE `permission_role`
  ADD CONSTRAINT `permission_role_permission_id_foreign` FOREIGN KEY (`permission_id`) REFERENCES `permissions` (`id`) ON DELETE CASCADE,
  ADD CONSTRAINT `permission_role_role_id_foreign` FOREIGN KEY (`role_id`) REFERENCES `roles` (`id`) ON DELETE CASCADE;

--
-- Ограничения внешнего ключа таблицы `users`
--
ALTER TABLE `users`
  ADD CONSTRAINT `users_role_id_foreign` FOREIGN KEY (`role_id`) REFERENCES `roles` (`id`);

--
-- Ограничения внешнего ключа таблицы `user_roles`
--
ALTER TABLE `user_roles`
  ADD CONSTRAINT `user_roles_role_id_foreign` FOREIGN KEY (`role_id`) REFERENCES `roles` (`id`) ON DELETE CASCADE,
  ADD CONSTRAINT `user_roles_user_id_foreign` FOREIGN KEY (`user_id`) REFERENCES `users` (`id`) ON DELETE CASCADE;
COMMIT;

/*!40101 SET CHARACTER_SET_CLIENT=@OLD_CHARACTER_SET_CLIENT */;
/*!40101 SET CHARACTER_SET_RESULTS=@OLD_CHARACTER_SET_RESULTS */;
/*!40101 SET COLLATION_CONNECTION=@OLD_COLLATION_CONNECTION */;
